4289,4370,4541,4827,5071,5351,5474,5565,5594,5587,5578,5580,5569,5576,5564,5545,5553,5571,5492,5429,5363,5345,5381,5383,5394,5463,5581,5715,5779,5821,5852,5847,5821,5777,5753,5719,5699,5724,5733,5721,5653,5594,5573,5591,5630,5638,5693,5749,5795,5830,5828,5718,5282,5091,5280,5397,5345,5339,5373,5338,5208,5110,4953,4725,4662,4714,4642,4511,4400,4400,4299,4235,4196,4250,4312,4387,4476,4522,4527,4510,4492,4463,4470,4471,4472,4481,4499,4511,4505,4516,4549,4559,4566,4587,4567,4520,4383,4200,4026,3888,3818,3705,3495,3441,3526,3650,4088,5236,5879,5832,5733,5256,5409,6050,6078,6079,6078,6079,6080,6080,6067
4270,4408,4609,4844,5058,5361,5485,5583,5619,5606,5613,5611,5612,5612,5625,5606,5615,5639,5649,5558,5458,5412,5408,5430,5496,5548,5619,5716,5756,5732,5733,5746,5745,5706,5712,5704,5679,5700,5709,5657,5574,5560,5580,5604,5607,5612,5690,5720,5764,5771,5794,5595,5041,4704,5131,5317,5291,5394,5456,5382,5246,5179,5024,4596,4582,4758,4591,4531,4451,4333,4235,4230,4226,4240,4321,4412,4473,4513,4506,4506,4454,4467,4467,4448,4448,4461,4478,4491,4484,4511,4534,4554,4567,4591,4564,4518,4342,4148,3992,3879,3829,3707,3520,3460,3467,3464,3556,3911,4339,4869,5486,5540,5438,5525,5890,6078,6079,6080,6079,6040,5988
4313,4501,4759,4951,5082,5351,5499,5618,5642,5635,5632,5638,5654,5667,5670,5679,5700,5748,5694,5544,5402,5350,5408,5495,5555,5645,5677,5740,5757,5741,5708,5693,5714,5694,5677,5671,5652,5663,5676,5611,5564,5582,5616,5621,5580,5605,5686,5666,5558,5621,5518,5299,4828,4183,4238,4789,5208,5330,5358,5370,5308,5253,5049,4540,4541,4899,4699,4622,4620,4448,4299,4279,4267,4277,4319,4412,4454,4472,4482,4468,4458,4448,4442,4443,4440,4459,4483,4489,4495,4497,4531,4559,4587,4582,4552,4451,4318,4161,4032,3913,3851,3771,3663,3609,3560,3580,3627,3902,4264,4863,5517,5647,5516,5053,4815,5801,5981,5968,5970,5980,5966
4461,4672,4887,5064,5249,5428,5554,5658,5669,5667,5664,5674,5668,5687,5695,5710,5712,5691,5563,5397,5296,5257,5381,5557,5545,5610,5665,5735,5783,5803,5784,5730,5719,5715,5659,5630,5604,5594,5609,5566,5568,5575,5580,5557,5500,5568,5483,5328,5392,5282,5146,4985,4450,4026,4126,4487,5059,5161,5203,5298,5329,5292,5124,4686,4699,4758,4534,4540,4577,4495,4390,4350,4308,4326,4359,4416,4432,4431,4429,4443,4435,4430,4409,4420,4442,4482,4491,4504,4501,4535,4543,4561,4580,4563,4497,4419,4340,4212,4142,4060,3908,3822,3842,3986,3945,4002,5090,5179,5449,5601,5692,5653,5314,4914,4634,5634,5966,5962,5970,5996,6000
4510,4810,5021,5190,5379,5514,5588,5671,5690,5679,5671,5681,5674,5676,5687,5687,5648,5585,5453,5418,5352,5345,5491,5572,5591,5644,5710,5772,5822,5842,5835,5800,5727,5717,5685,5604,5608,5588,5575,5586,5583,5520,5418,5288,4994,4832,4833,4907,4984,4972,4895,4776,4450,4157,4110,4265,4765,5028,5170,5306,5354,5372,5150,4755,4717,4404,4331,4434,4440,4475,4440,4453,4398,4334,4356,4372,4387,4381,4382,4397,4373,4399,4407,4402,4436,4458,4490,4509,4513,4520,4561,4554,4587,4543,4480,4411,4356,4302,4254,4148,3992,3882,3873,3928,3869,3999,5238,5638,5728,5731,5142,4673,4679,4711,5544,6010,6014,6002,5996,5996,5987
4566,4876,5032,5250,5414,5523,5595,5686,5710,5695,5667,5655,5665,5661,5647,5609,5527,5481,5485,5547,5487,5475,5531,5588,5573,5655,5763,5829,5854,5856,5856,5834,5751,5739,5702,5624,5628,5584,5540,5574,5587,5553,5380,5089,4716,4414,4460,4637,4693,4712,4815,4806,4699,4365,4155,4225,4617,4982,5201,5356,5429,5418,5219,4895,4608,4308,4485,4737,4554,4475,4426,4433,4411,4373,4340,4336,4333,4335,4344,4367,4357,4360,4349,4383,4408,4445,4473,4493,4525,4519,4545,4558,4569,4564,4541,4503,4447,4399,4335,4167,3994,3875,3790,3788,3652,3507,3425,3595,5120,4595,4458,4319,4164,4096,5582,5987,6010,6015,6012,5994,5984
4617,4861,5002,5210,5413,5514,5609,5704,5736,5731,5689,5665,5663,5648,5631,5573,5501,5462,5466,5539,5536,5502,5537,5565,5497,5541,5733,5837,5856,5864,5862,5827,5790,5783,5719,5656,5635,5615,5545,5503,5551,5603,5498,5107,4751,4478,4449,4563,4558,4631,4749,4754,4732,4598,4426,4404,4633,4925,5181,5369,5430,5429,5289,4773,3746,3808,4002,4156,4177,4179,4277,4352,4344,4342,4319,4315,4300,4320,4316,4334,4346,4346,4348,4383,4417,4436,4452,4495,4520,4538,4542,4550,4586,4594,4599,4583,4544,4467,4374,4176,3964,3872,3842,3782,3623,3467,3442,3571,4007,4680,4811,4688,4137,4144,5945,5992,6001,6010,6004,5995,5993
4698,4957,5071,5263,5443,5547,5650,5753,5760,5751,5724,5700,5699,5673,5678,5630,5533,5397,5364,5467,5495,5510,5491,5482,5454,5477,5589,5718,5844,5876,5854,5807,5786,5799,5773,5697,5649,5645,5545,5339,5409,5401,5256,5037,5023,4947,4716,4595,4637,4687,4726,4680,4524,4498,4613,4606,4703,4989,5188,5325,5334,5212,4793,2914,3212,3561,3763,3862,3958,4054,4196,4331,4330,4327,4316,4304,4310,4306,4319,4326,4328,4334,4343,4355,4369,4403,4420,4458,4475,4482,4512,4545,4570,4593,4609,4589,4530,4482,4422,4227,3998,4015,4011,3787,3675,3726,3944,4325,4612,4873,5100,4908,4256,4632,5989,6005,6016,6018,6005,5981,5926
4716,4988,5099,5310,5468,5572,5691,5786,5791,5785,5756,5711,5663,5713,5750,5733,5554,5375,5312,5331,5397,5447,5458,5458,5461,5482,5568,5730,5847,5877,5865,5837,5801,5801,5803,5730,5667,5629,5538,5275,5254,5179,5043,4965,5033,5087,4909,4763,4639,4644,4720,4605,4371,4348,4575,4665,4846,5047,5185,5285,5219,4934,2597,2312,3481,3784,3830,3872,3947,4073,4249,4366,4351,4324,4289,4300,4293,4297,4322,4336,4335,4337,4338,4345,4391,4387,4437,4464,4485,4508,4526,4547,4567,4616,4641,4622,4459,4295,4300,4356,4564,4911,4845,4554,4163,4523,4543,4971,5161,5318,5437,4968,4393,5274,5989,6001,6019,6024,6021,5996,5957
4703,4916,5064,5282,5487,5580,5717,5793,5798,5800,5795,5697,5589,5664,5770,5753,5595,5425,5329,5277,5347,5434,5474,5492,5486,5467,5555,5803,5880,5879,5883,5860,5825,5797,5773,5744,5681,5623,5402,5194,5089,4984,4956,4952,4841,4829,4831,4813,4719,4724,4787,4678,4502,4475,4652,4751,4900,5054,5158,5262,5165,4320,1889,2356,3729,3966,4063,3998,4069,4168,4357,4401,4355,4321,4293,4285,4288,4287,4321,4345,4337,4350,4350,4368,4396,4414,4425,4461,4486,4503,4508,4544,4569,4616,4647,4633,4413,4133,3967,3914,4222,5134,5359,4057,3964,4056,4633,5237,5370,5441,5499,5364,5299,5901,6003,6011,6013,6012,6006,6023,6037
4679,4880,5048,5263,5440,5555,5709,5803,5812,5812,5808,5477,5290,5553,5752,5760,5636,5420,5363,5352,5405,5514,5591,5590,5523,5404,5441,5814,5890,5893,5884,5857,5811,5783,5772,5760,5726,5621,5312,5088,4973,4811,4863,4891,4769,4640,4649,4721,4814,4814,4813,4764,4678,4635,4783,4884,4966,5034,5133,5208,5148,3349,2322,3499,3892,4133,4538,4504,4306,4304,4345,4345,4319,4281,4285,4281,4278,4286,4320,4346,4344,4356,4354,4380,4413,4422,4439,4488,4499,4517,4526,4552,4582,4605,4626,4613,4331,4054,3872,3756,3660,3723,3846,3670,3621,3652,3904,4991,4313,3622,5106,5294,5496,5984,6014,6039,6036,6026,6025,6013,6011
4670,4878,5047,5216,5362,5509,5658,5808,5818,5794,5718,5250,4915,5440,5557,5512,5538,5430,5424,5477,5502,5617,5678,5606,5642,5508,5455,5757,5878,5891,5876,5839,5798,5781,5775,5770,5736,5667,5389,5019,4814,4720,4787,4835,4742,4520,4547,4686,4766,4785,4802,4816,4769,4729,4807,4944,4993,4996,5129,5081,4687,2503,2619,3798,3999,4237,4767,4772,4191,4254,4207,4181,4239,4271,4292,4281,4261,4273,4301,4334,4349,4386,4393,4402,4420,4436,4456,4467,4490,4527,4539,4568,4585,4586,4583,4560,4269,4036,3861,3716,3633,3648,3659,3610,3458,3308,3409,3664,3797,3155,3083,4546,6014,6038,6040,6046,6030,6020,6001,5969,5897
4678,4824,4996,5124,5267,5344,5451,5812,5801,5421,5334,5038,4733,5160,5247,5168,5429,5524,5484,5543,5574,5663,5698,5667,5667,5542,5451,5589,5828,5861,5840,5788,5690,5689,5728,5725,5698,5604,5288,4938,4721,4675,4763,4803,4668,4527,4530,4713,4812,4833,4869,4867,4805,4769,4845,4952,4986,4934,4984,4856,3864,1906,2769,3791,3806,3988,4109,4021,3962,4106,4189,4163,4198,4277,4316,4323,4301,4307,4334,4359,4369,4379,4399,4415,4425,4437,4465,4496,4526,4544,4552,4580,4598,4607,4586,4456,4254,4193,4037,3914,3962,3896,3899,3858,3631,3661,4098,4190,4260,4189,3884,4762,6044,6046,6039,6000,5977,5989,5982,5968,5957
4648,4782,4938,5075,5232,5257,5188,5140,5070,4996,5038,4917,4603,4655,4988,5024,5292,5470,5423,5503,5655,5740,5800,5778,5682,5517,5374,5498,5811,5825,5749,5675,5571,5613,5625,5564,5411,5312,5194,4798,4597,4646,4753,4771,4713,4611,4613,4708,4804,4963,5014,4988,4901,4845,4931,5009,4968,4901,4631,4130,2818,1734,2755,3837,3913,3945,3945,3925,4002,4082,4144,4140,4150,4289,4364,4335,4327,4341,4338,4347,4356,4377,4396,4406,4410,4438,4477,4499,4516,4556,4569,4592,4636,4667,4608,4259,4097,4143,4196,4188,4264,4163,4717,4885,4791,5132,5402,5494,5429,5409,5415,4815,4918,5926,5950,5950,5952,5977,5984,5996,6001
4676,4786,4904,5014,5198,5230,5111,4986,4876,4632,4862,5242,4571,4530,4890,5141,5226,5364,5412,5554,5739,5816,5851,5837,5731,5528,5334,5513,5810,5787,5640,5472,5432,5505,5330,5197,5208,5155,4925,4597,4555,4681,4744,4765,4738,4677,4646,4628,4751,4990,5153,5170,5074,5039,5080,5101,4988,4768,4325,3280,1440,1463,2313,3485,4006,4068,4041,4071,4125,4121,4060,4052,4111,4327,4430,4393,4365,4346,4349,4331,4352,4364,4391,4384,4406,4437,4474,4501,4531,4554,4586,4619,4667,4721,4604,4200,4016,3968,3931,3992,3965,4103,4405,4779,5427,5516,5499,5568,5611,5621,5575,4456,4619,5931,5983,5979,5986,5974,5977,6017,6018
4662,4762,4838,4960,5119,5245,5294,5206,4995,4685,4756,5208,4634,4584,4950,5251,5359,5384,5567,5734,5793,5820,5845,5824,5665,5508,5463,5636,5812,5719,5511,5303,5290,5327,5146,5017,5081,5008,4593,4478,4615,4681,4721,4735,4717,4701,4635,4584,4747,5005,5194,5281,5255,5238,5190,5143,5053,4822,4407,3184,2293,2010,2281,3394,3936,4078,4097,4076,4087,4074,4048,4059,4142,4363,4446,4418,4388,4353,4360,4381,4366,4366,4374,4384,4402,4435,4487,4496,4529,4557,4586,4641,4678,4720,4667,4349,4146,4072,3909,3822,3710,3588,3439,3251,4658,5505,5439,5549,5618,5627,5452,4004,5885,6034,6055,6058,6053,6024,6021,6052,6045
4633,4726,4822,4924,5085,5300,5385,5301,5213,4962,4835,5051,4802,4845,5097,5340,5507,5432,5547,5710,5774,5795,5778,5670,5511,5479,5590,5730,5743,5640,5497,5376,5366,5237,4961,4972,4937,4771,4552,4514,4614,4602,4694,4685,4671,4663,4651,4668,4807,5084,5294,5332,5295,5276,5236,5202,5140,5057,4829,4672,4644,3086,2394,3342,3840,3945,3971,4023,4016,3978,4033,4065,4208,4440,4448,4426,4343,4317,4347,4357,4359,4352,4385,4403,4408,4434,4461,4504,4526,4557,4605,4654,4691,4746,4782,4649,4450,4234,3994,3828,3596,3263,2953,2575,2549,3105,2870,3468,3729,3823,3994,5159,6012,6048,6059,6058,6058,6047,6044,6037,6010
4626,4697,4802,4923,5067,5238,5308,5304,5298,5125,4900,5032,5014,5032,5256,5489,5580,5409,5358,5544,5611,5568,5574,5498,5337,5440,5620,5703,5726,5639,5465,5355,5243,4982,4573,4608,4599,4436,4477,4511,4624,4602,4593,4649,4619,4609,4645,4742,4896,5186,5366,5351,5280,5291,5279,5227,5166,5115,5021,4886,4792,3349,2368,3178,3768,3932,3996,4047,4087,4036,3997,4062,4268,4451,4413,4338,4264,4249,4309,4317,4347,4352,4387,4386,4386,4411,4459,4460,4496,4567,4628,4665,4694,4765,4827,4716,4496,4152,3892,3730,3533,3376,3176,2715,2690,2936,2912,2919,2981,2861,2736,5483,5981,6043,6059,6054,6051,6025,5996,5981,5916
4630,4712,4813,4928,5067,5214,5327,5323,5318,5190,4855,4964,5287,5289,5356,5326,5460,5428,5324,5511,5543,5435,5323,5141,4997,5162,5576,5697,5689,5600,5441,5288,4694,4582,4279,4000,4193,4211,4252,4406,4572,4590,4584,4623,4574,4504,4531,4766,4914,4935,5025,5211,5261,5286,5291,5232,5184,5115,5043,4889,4643,2434,1731,3113,3778,3991,4102,4053,4094,4233,4093,4184,4367,4355,4324,4265,4217,4214,4262,4289,4301,4339,4366,4374,4387,4396,4429,4446,4483,4531,4577,4632,4661,4719,4781,4668,4392,4141,3954,3844,3809,3951,3950,3833,4023,4118,4105,3820,3488,2812,2760,5846,6008,6038,6005,5944,5937,5882,5885,5976,5934
4626,4723,4820,4911,5047,5196,5289,5338,5313,5219,4891,4982,5531,5555,5498,5443,5598,5648,5610,5586,5527,5401,5084,4720,4606,4768,5402,5656,5543,5463,5359,5187,4492,4189,3970,3769,3866,3874,4001,4336,4504,4565,4614,4609,4515,4401,4466,4619,4688,4714,4777,4901,5154,5282,5293,5266,5237,5154,5054,4902,4519,1539,1643,3254,3942,4064,4167,4131,4076,4222,4295,4292,4294,4262,4206,4174,4170,4175,4219,4248,4263,4277,4327,4335,4343,4368,4419,4438,4408,4467,4496,4533,4575,4649,4706,4563,4295,4132,4006,3923,3849,3897,4339,4518,4898,5109,3819,2760,2506,1548,3211,5855,5990,5929,5886,5908,5917,5852,5888,6009,6005
4629,4719,4804,4889,5038,5156,5218,5292,5282,5171,4967,5086,5618,5698,5743,5821,5844,5820,5749,5620,5619,5562,5214,4847,4639,4861,5190,5253,5213,5118,5067,4799,4196,3748,3599,3749,3814,3838,4050,4323,4443,4522,4595,4637,4539,4478,4531,4517,4517,4566,4736,4868,5112,5288,5301,5302,5278,5192,5065,4877,3315,1753,2514,3821,4106,4242,4318,4304,4232,4234,4286,4273,4230,4197,4151,4116,4131,4148,4161,4210,4201,4236,4279,4289,4303,4302,4349,4332,4317,4323,4358,4422,4463,4534,4444,4300,4207,4087,3888,3805,3636,3466,3467,3375,3605,3406,2792,2089,1319,1046,3775,5742,5868,5917,5965,6024,6028,6005,5949,5969,5891
4647,4718,4801,4870,5009,5124,5213,5252,5234,5175,4968,5074,5617,5757,5831,5886,5873,5864,5771,5685,5707,5629,5368,5037,4716,4822,4876,4833,4868,4920,4752,4463,3944,3443,3383,3630,3693,3889,4090,4276,4367,4383,4379,4555,4679,4716,4727,4660,4549,4562,4804,5059,5199,5278,5307,5305,5290,5178,5010,4716,2327,2158,3765,4116,4285,4472,4492,4419,4355,4348,4274,4221,4154,4130,4104,4083,4098,4127,4149,4171,4175,4189,4219,4230,4202,4203,4213,4213,4199,4214,4241,4299,4320,4367,4190,4027,4011,3970,3896,3803,3603,3326,3072,2996,3231,3135,2786,2402,1928,1407,3613,5906,5983,6015,6024,6030,6033,6025,6023,6011,5967
4611,4696,4790,4864,4970,5037,5085,5201,5224,5156,4919,4994,5472,5763,5855,5893,5859,5858,5788,5749,5687,5392,5170,4888,4603,4638,4738,4755,4827,4875,4694,3921,3457,3173,3250,3556,3748,3882,4054,4186,4265,4232,4225,4314,4616,4820,4936,4863,4796,4856,4986,5145,5236,5264,5282,5305,5270,5133,4938,4445,2278,2532,4026,4120,4334,4560,4523,4361,4303,4280,4235,4156,4118,4095,4058,4063,4079,4094,4121,4125,4128,4151,4146,4143,4120,4128,4132,4130,4120,4122,4153,4191,4184,4240,4145,4035,4077,4106,4114,4043,3911,3852,3648,4120,4418,4291,3940,3049,2728,2219,4124,6008,6014,6021,6022,6020,6026,6021,6026,6030,6034
4612,4690,4787,4865,4979,4966,4962,5070,5167,5160,4989,5056,5493,5775,5906,5904,5834,5665,5690,5811,5747,5553,5432,5283,4596,4426,4691,4811,4835,4878,4626,3567,3015,2617,2652,3627,4006,4093,4119,4171,4169,4142,4168,4326,4611,4819,4943,5034,5041,5077,5121,5176,5210,5244,5292,5303,5245,5083,4851,4189,2364,2602,3980,4080,4407,4645,4584,4468,4281,4228,4181,4164,4086,4046,4044,4051,4070,4106,4092,4118,4102,4112,4094,4069,4073,4064,4089,4084,4101,4071,4111,4141,4138,4167,4072,4062,4135,4225,4412,4146,4145,4353,4220,4145,4078,3692,3487,2927,2292,2775,6021,6033,6032,6037,6030,6023,6017,6015,6009,6015,6023
4622,4693,4775,4832,4941,4930,4930,4977,5054,5208,5272,5325,5584,5792,5918,5922,5796,5352,5475,5702,5706,5549,5396,4785,4224,3927,4543,4939,4919,4926,4484,3155,2672,2426,2402,2922,3690,4034,4211,4153,4132,4162,4259,4527,4843,4927,5027,5075,5071,5116,5127,5179,5202,5253,5294,5295,5211,5056,4698,3723,2272,2393,4027,4196,4521,4748,4627,4337,4141,4210,4226,4168,4091,4028,4037,4047,4066,4077,4073,4084,4087,4062,4050,4014,4010,4006,4035,4046,4042,4071,4109,4115,4106,4097,3977,3953,3928,3864,3862,3764,3754,3947,3645,3371,3131,2779,2767,2310,1451,1990,6034,6038,6035,6027,6026,6028,6024,6014,6012,6019,6019
4643,4707,4769,4805,4870,4881,4843,4881,4943,5061,5029,5107,5418,5345,5305,5729,5594,5178,5023,5256,4996,4493,4145,3991,3696,3753,4637,5051,5057,4882,4202,3070,2554,2653,2533,2915,3439,3859,4111,4097,4126,4229,4393,4669,4905,5003,5084,5093,5111,5180,5188,5197,5185,5232,5288,5272,5198,5068,4687,4123,2374,2443,4026,4139,4253,4206,4012,3936,4056,4265,4303,4178,4084,4038,4055,4044,4038,4050,4058,4046,4033,4031,3999,3989,3985,3993,3996,4014,3993,4034,4099,4095,4068,4015,3989,4063,4004,3890,3892,3847,3856,4062,3666,3438,3292,2881,2624,2149,1431,1345,5539,5656,5765,5947,5987,6007,6009,6018,6014,6017,6019
4650,4702,4766,4802,4829,4823,4774,4803,4840,4845,4809,4920,5179,4994,4876,5079,5240,4963,4788,4783,4435,4030,3969,3638,3560,4138,4828,5053,5034,4848,4211,3572,3218,3203,2936,3157,3587,3818,3966,4056,4106,4203,4399,4714,4886,5020,5098,5131,5163,5200,5212,5199,5179,5214,5278,5288,5187,5035,4809,4376,2431,2334,3326,3522,3898,3983,3867,3891,4016,4216,4275,4150,4060,4047,4057,4047,4023,4044,4023,4025,4035,4020,4004,3994,3984,3963,3997,3999,4012,4063,4082,4096,3996,3878,3856,3881,4118,4426,4279,4190,4460,4415,3623,3300,3201,3128,2957,2568,1908,1377,1783,3822,5515,6000,6011,6018,6025,6014,5988,5733,5645
4683,4735,4777,4809,4811,4779,4761,4785,4783,4773,4751,4780,4897,4864,4854,4959,4892,4655,4566,4351,3780,3783,3670,3445,3459,3934,4579,5018,4928,4777,4359,3959,3637,3333,3124,3312,3667,3882,3981,4018,4093,4261,4488,4652,4867,5020,5079,5143,5198,5239,5214,5211,5183,5216,5293,5304,5209,4926,4452,3886,2747,2249,2783,3429,4111,4183,4071,4048,4102,4175,4173,4095,4025,4022,4051,4053,4041,4017,3997,4012,4037,4025,3982,3985,3980,3960,3973,3989,4028,4081,4084,4055,3977,3820,3683,3549,3650,3849,3649,3420,3406,3270,3218,3340,3375,3641,3705,3106,2553,2108,2554,4240,5452,6037,6042,6034,6007,5919,5679,5689,5650
4724,4747,4774,4808,4812,4772,4763,4764,4731,4715,4719,4729,4773,4792,4835,4839,4734,4522,3901,3536,3615,3780,3660,3468,3471,3846,4362,4831,4744,4545,4249,4036,3579,3362,3480,3654,3876,4037,4070,4070,4078,4210,4530,4598,4804,5014,5097,5182,5204,5246,5230,5182,5171,5229,5275,5272,5156,4811,4266,3517,3140,2767,3130,4188,4300,4356,4134,4075,4083,4131,4136,4068,4017,4003,4008,4039,4039,4013,4010,4004,4048,4035,3996,3975,3971,3977,3970,4000,4051,4110,4136,4151,4089,3870,3657,3550,3506,3370,3212,3335,3612,3540,4099,4792,4847,4622,4239,3853,3993,3608,3879,4482,4355,5011,5800,5899,5783,5790,5866,5990,5819
4723,4760,4774,4795,4794,4774,4773,4746,4703,4686,4697,4726,4733,4743,4807,4741,4569,4203,3607,3522,3930,4174,4023,3809,3996,4283,4332,4564,4550,4176,3997,3996,3815,3796,4062,4052,4112,4185,4208,4168,4092,4117,4411,4554,4775,4980,5113,5183,5186,5196,5006,4983,5129,5266,5291,5182,4995,4776,4346,3404,3085,2927,2927,3227,3915,4107,4094,4022,4048,4122,4091,4045,4021,4026,4034,4053,4069,4061,4060,4050,4051,4016,4007,3983,3977,3986,3986,4018,4038,4123,4221,4315,4289,4111,3880,3746,3613,3418,3520,4755,5133,5081,5103,5189,5219,5137,4796,4759,4911,4729,4668,4641,3935,4226,5701,5924,5877,5961,6044,5988,5703
4713,4730,4759,4763,4760,4763,4738,4728,4713,4732,4724,4725,4719,4720,4755,4730,4659,4181,3804,3842,4235,4346,4328,4157,4185,4317,4472,4467,4576,4108,3807,3986,4168,4265,4419,4400,4305,4329,4251,4089,4002,3995,4243,4441,4656,4946,5093,5130,5119,4966,4720,4629,5048,5313,5313,5165,5021,4829,4399,3372,2909,2857,2725,2747,3191,3853,4027,4080,4186,4138,4059,4036,4044,4035,4084,4087,4115,4114,4122,4135,4110,4056,4058,4037,4040,4038,4037,3993,4022,4091,4172,4282,4539,4596,4378,3960,3878,4164,4794,5282,5422,5446,5411,5373,5311,5248,5172,5048,4871,4796,4709,4612,3987,4886,6066,6076,6075,6069,6074,6067,5913
4710,4735,4725,4745,4742,4725,4714,4699,4706,4771,4769,4775,4754,4711,4722,4734,4736,4641,4075,4085,4371,4372,4453,4163,3924,3967,4347,4580,4676,4244,3995,4266,4412,4494,4632,4651,4597,4374,4108,4049,3994,3906,4049,4207,4550,4900,5062,5052,4982,4791,4607,4619,5033,5371,5348,5217,5098,5000,4454,3732,3398,3619,3786,3422,3540,3949,3983,4054,4190,4156,4112,4083,4084,4102,4117,4156,4158,4177,4159,4169,4156,4153,4127,4101,4059,4031,4029,3996,3927,3917,3945,4130,4528,4797,4698,4402,4480,5109,5506,5610,5594,5565,5480,5362,5170,4973,4769,4762,4597,4239,4417,4228,3716,4527,5567,6063,6070,6073,6067,6071,6071
4722,4727,4728,4736,4719,4704,4702,4679,4721,4803,4823,4815,4779,4714,4730,4795,4791,4638,4168,4188,4520,4342,4358,4025,3742,3777,4223,4621,4658,4487,4439,4596,4637,4731,4882,4917,4760,4189,3918,3980,3937,3812,3886,4176,4632,4929,5009,4959,4722,4564,4572,4844,5185,5361,5385,5253,5157,5081,4621,3973,3648,3849,4395,4331,4126,4226,4149,4119,4184,4136,4116,4155,4135,4167,4180,4190,4206,4201,4211,4215,4205,4205,4175,4146,4061,4027,3962,3906,3815,3699,3701,3811,4257,4765,4973,5060,5083,5385,5441,5430,5330,5338,5295,5054,4547,3943,3261,3731,4198,2579,2145,2761,4013,4613,4921,5010,6047,5864,5657,5672,5666
4716,4723,4715,4712,4723,4709,4703,4724,4770,4810,4832,4813,4771,4763,4757,4823,4834,4584,3947,3799,3827,3858,4017,3905,3736,3980,4501,4696,4706,4700,4756,4839,4908,5018,5092,5114,4883,4140,3829,3842,3870,3853,3937,4265,4630,4900,4988,4645,4389,4406,4630,4931,5178,5285,5343,5313,5169,5128,5084,4182,3521,3484,3925,4186,4239,4250,4110,4115,4211,4111,4134,4257,4247,4225,4237,4246,4267,4233,4229,4240,4211,4199,4181,4139,4079,3991,3901,3754,3592,3501,3534,3611,3888,4515,4913,5054,5159,5254,5295,5082,4808,4747,4797,4516,3923,3163,2482,2177,2208,2103,2003,4144,5252,5360,5001,4305,4577,5301,5611,5638,5589
4719,4716,4724,4721,4733,4728,4720,4757,4798,4799,4777,4750,4754,4781,4784,4791,4766,4439,3818,3753,3634,3558,3831,3813,3774,4190,4608,4732,4767,4787,4837,4948,5031,5083,5146,5191,4999,4251,3947,3881,3911,3972,4030,4278,4631,4973,4958,4024,3836,4179,4611,4962,5095,5186,5243,5232,5143,5127,5082,4327,3302,3177,3390,3894,4184,4206,4062,4044,4196,4176,4212,4367,4316,4329,4326,4318,4299,4278,4247,4235,4227,4192,4164,4105,4022,3915,3814,3625,3447,3420,3432,3445,3583,4005,4258,4930,5166,5219,5266,5174,4778,4563,4574,4257,3882,3315,2814,2270,1932,2578,4073,4982,5596,5980,5724,4898,4717,5073,5568,5677,5600
4717,4735,4733,4732,4739,4725,4730,4736,4764,4781,4766,4748,4775,4793,4820,4839,4764,4389,3930,4033,4084,3831,4008,3985,4069,4420,4620,4764,4807,4862,4867,4941,5073,5150,5212,5198,4763,4314,4195,4035,4001,4020,4001,4236,4766,5056,4549,3683,3568,4030,4600,4885,4992,5099,5168,5229,5235,5198,5055,4001,3076,3117,3404,3853,4114,4333,4287,4196,4309,4337,4355,4461,4428,4408,4401,4382,4347,4304,4256,4225,4209,4173,4159,4105,4003,3899,3760,3605,3486,3443,3428,3402,3479,3647,3784,4405,5173,5253,5250,5264,5152,5042,5002,4824,4508,4103,3774,3417,2661,3287,5678,5356,5748,6034,5958,5562,5443,5331,5567,5737,5702
4727,4745,4736,4741,4730,4741,4745,4753,4747,4763,4782,4802,4811,4797,4839,4858,4788,4477,4130,4210,4485,4390,4217,4229,4437,4626,4728,4827,4859,4918,4920,4970,5091,5169,5210,4991,4461,4348,4389,4212,4227,4146,4041,4159,4533,4732,4349,3658,3534,3940,4534,4744,4923,5067,5111,5146,5195,5148,5069,4054,3235,3606,3832,4102,4204,4544,4571,4513,4516,4574,4565,4548,4511,4466,4460,4428,4376,4323,4281,4232,4216,4161,4152,4079,3971,3880,3728,3656,3587,3560,3476,3485,3425,3515,3737,4217,5075,5293,5255,5249,5252,5265,5252,5084,4663,4033,3637,3259,2797,3158,5881,5871,6016,6026,6017,5910,5919,5751,5670,5890,5899
4737,4739,4744,4756,4745,4757,4765,4776,4770,4775,4786,4820,4800,4797,4809,4759,4690,4498,4220,4289,4594,4523,4406,4463,4623,4729,4792,4881,4931,4937,4971,5019,5121,5183,4987,4554,4405,4510,4530,4458,4425,4318,4075,4043,4415,4644,4348,3642,3463,3753,4182,4539,4798,5019,5061,5094,5135,5143,5112,4392,4020,4108,4217,4349,4528,4646,4766,4706,4676,4699,4702,4637,4562,4510,4480,4448,4414,4358,4289,4230,4202,4126,4073,4030,3973,3853,3711,3655,3629,3534,3483,3499,3412,3447,3750,4361,5135,5338,5323,5212,5147,5098,4906,4748,4148,3630,3462,3133,2980,3640,5320,6021,6021,6020,6020,6016,6017,5982,5841,5972,5953
4733,4747,4747,4756,4750,4768,4787,4797,4813,4807,4806,4820,4816,4824,4823,4767,4701,4518,4379,4408,4604,4607,4649,4705,4710,4787,4852,4934,4966,4997,5025,5069,5126,5140,4899,4567,4537,4687,4503,4352,4455,4454,4087,4007,4389,4574,4322,3870,3622,3698,4057,4515,4746,4910,4967,4981,5065,5228,5226,4689,4107,4189,4520,4601,4677,4759,4793,4784,4768,4753,4721,4690,4576,4546,4509,4487,4416,4367,4312,4225,4168,4068,4006,3997,3916,3763,3686,3663,3502,3372,3465,3400,3334,3340,3562,4479,5246,5375,5401,5355,5231,5050,4613,4362,4217,4372,4568,4428,4572,4722,5091,5964,6017,6019,6019,6019,6023,6026,6034,6024,5830
4730,4745,4754,4758,4756,4767,4798,4804,4817,4845,4830,4832,4828,4848,4848,4833,4775,4639,4530,4517,4595,4710,4813,4771,4748,4802,4914,4974,5033,5073,5080,5121,5141,5097,5037,4919,4856,4790,4433,4242,4342,4440,4284,4084,4324,4409,4202,4101,3966,3897,4064,4434,4672,4760,4716,4654,4783,5107,5389,5131,4467,4422,4644,4725,4730,4739,4791,4805,4788,4762,4724,4683,4591,4549,4519,4463,4405,4350,4288,4178,4072,4067,4034,3934,3752,3549,3545,3634,3389,3293,3404,3211,3149,3232,3602,4395,5158,5407,5457,5433,5330,5221,4875,4680,4900,5017,5073,5026,4999,4514,4399,5556,6014,6018,6012,6017,6022,6020,6028,5851,5697
4725,4734,4748,4749,4755,4768,4787,4811,4832,4851,4853,4856,4843,4855,4861,4826,4813,4697,4579,4606,4675,4763,4841,4831,4810,4843,4922,5019,5078,5096,5123,5130,5156,5139,5157,5107,5044,4927,4467,4218,4262,4393,4421,4213,4253,4272,4087,4088,4033,3977,4065,4339,4510,4607,4591,4548,4652,4757,4951,4920,4754,4719,4738,4760,4764,4766,4794,4801,4773,4760,4730,4668,4634,4577,4504,4463,4382,4316,4244,4128,4076,4061,4025,3948,3759,3545,3541,3606,3399,3392,3473,3286,3127,3076,3607,4026,4503,5286,5291,5078,5041,5060,5116,5254,5313,5259,5024,4916,4662,3735,3761,5485,6023,6020,6014,6014,6011,5969,5884,5798,5878
4726,4742,4743,4743,4752,4757,4781,4814,4828,4848,4859,4875,4885,4871,4852,4833,4831,4772,4691,4687,4733,4804,4851,4842,4811,4845,4907,5037,5060,5067,5107,5130,5114,5048,5093,5146,5124,4996,4589,4280,4266,4300,4484,4361,4251,4248,4215,4161,3867,3863,4198,4321,4306,4354,4401,4481,4611,4599,4677,4790,4810,4771,4775,4779,4774,4780,4785,4779,4777,4776,4727,4679,4631,4603,4506,4465,4365,4295,4188,4153,4178,4155,4078,4054,4165,3874,3740,3609,3175,3256,3379,3386,3234,3092,3292,3598,3840,3666,3792,3897,4249,4829,5215,5367,5408,5364,5249,5090,4689,3881,4031,4994,5068,5143,5696,5774,5556,5436,5675,5721,5654
4732,4745,4745,4747,4754,4764,4781,4813,4832,4850,4855,4886,4893,4884,4892,4874,4876,4850,4806,4771,4802,4823,4801,4777,4810,4857,4921,4985,4990,5011,5064,5124,5101,4896,4678,4800,5016,4885,4472,4295,4248,4286,4498,4536,4550,4577,4512,4226,3699,3720,4242,4433,4481,4457,4420,4440,4511,4522,4613,4753,4768,4696,4728,4805,4790,4793,4799,4788,4786,4776,4738,4707,4667,4612,4547,4485,4385,4311,4248,4235,4235,4237,4176,4146,4359,4322,3942,4006,3301,2770,3162,3419,3207,2755,2550,2567,2871,2927,3213,3591,4114,4809,5290,5398,5425,5411,5388,5238,4833,4500,4578,4718,4535,4479,4897,5188,5228,5392,5478,5515,5486
4718,4737,4735,4741,4752,4758,4781,4805,4811,4831,4851,4881,4895,4908,4909,4911,4887,4860,4838,4831,4820,4783,4736,4768,4828,4876,4909,4888,4903,4974,4931,4931,5056,4780,4517,4645,4884,4789,4480,4420,4326,4371,4579,4788,4934,4907,4609,4115,3678,3758,4312,4388,4369,4331,4363,4540,4580,4614,4700,4792,4812,4736,4766,4843,4824,4811,4823,4792,4782,4770,4737,4714,4686,4636,4568,4516,4446,4371,4268,4232,4196,4162,4213,4259,4223,4192,4186,4254,3958,3199,3434,3590,2920,1895,1597,1852,2601,3137,3381,3851,4359,4941,5388,5438,5438,5472,5472,5407,5135,5005,5026,4956,4776,4661,5081,5186,5289,5510,5566,5589,5517
4707,4732,4722,4733,4733,4745,4775,4794,4797,4814,4851,4874,4895,4910,4922,4935,4899,4878,4879,4901,4838,4764,4778,4825,4847,4877,4872,4805,4781,4833,4722,4660,4745,4462,4382,4574,4795,4848,4742,4664,4493,4478,4652,4874,4928,4808,4484,4074,3938,4099,4380,4245,3904,3710,3731,3941,4412,4644,4751,4824,4893,4872,4863,4857,4838,4828,4819,4803,4782,4791,4743,4737,4701,4667,4617,4603,4543,4483,4335,4255,4221,4075,4085,4361,4127,3739,4139,3677,2897,3127,3711,3539,1883,1152,1437,2346,3137,3413,3672,4081,4410,4879,5388,5489,5516,5502,5435,5327,5245,5242,5248,5202,5132,5123,5543,5615,5535,5546,5603,5646,5560
4713,4723,4732,4735,4747,4754,4764,4778,4790,4830,4841,4855,4896,4919,4919,4914,4916,4911,4911,4884,4823,4792,4783,4821,4828,4822,4819,4733,4622,4567,4383,4168,4191,4096,4053,4377,4681,4802,4796,4659,4600,4621,4667,4749,4867,4683,4380,4238,4277,4362,4348,4186,3826,3612,3447,3449,3830,4349,4560,4790,4921,4931,4882,4855,4860,4850,4850,4830,4815,4820,4778,4752,4725,4710,4689,4672,4664,4561,4342,4194,4288,4153,3982,4224,4197,3658,3868,3178,2242,2251,2422,1468,818,906,1679,3175,3796,3884,3910,4069,4433,5100,5415,5526,5566,5461,5341,5039,5073,5350,5382,5484,5540,5455,5641,5723,5665,5606,5543,5549,5536
4703,4719,4731,4726,4740,4751,4770,4776,4796,4827,4834,4863,4885,4910,4902,4910,4915,4923,4896,4841,4781,4797,4811,4810,4801,4792,4797,4754,4667,4514,4067,3597,3448,3386,3899,4417,4615,4715,4731,4688,4651,4639,4575,4606,4548,4399,4305,4315,4397,4353,4306,4067,3711,3510,3448,3751,4330,4484,4623,4865,4949,4934,4909,4887,4864,4867,4861,4858,4822,4842,4801,4732,4720,4750,4771,4743,4687,4429,4049,3954,4133,4179,4037,4054,3835,3262,3558,2775,2232,1517,1031,893,737,1086,2833,3454,3782,4022,4025,4118,4622,5277,5414,5523,5575,5538,5457,5037,5120,5493,5591,5802,5820,5734,5739,5768,5731,5686,5610,5548,5549
4692,4711,4710,4716,4733,4735,4764,4782,4787,4802,4833,4850,4864,4871,4901,4919,4921,4924,4910,4853,4813,4853,4880,4839,4766,4798,4808,4808,4836,4821,4237,3337,2883,3133,4085,4268,4513,4725,4727,4685,4623,4534,4516,4486,4326,4191,4219,4246,4308,4266,4248,4009,3636,3533,3558,4103,4500,4498,4695,4867,4959,4954,4910,4878,4877,4858,4868,4875,4853,4852,4807,4748,4749,4789,4768,4753,4585,4226,3867,3757,3778,3847,4092,4181,3356,2946,3422,2820,2362,1617,1136,1169,1155,2167,3392,3705,3967,4104,4146,4309,4840,5143,5342,5497,5618,5675,5555,5118,5063,5450,5784,5886,5931,5889,5810,5797,5780,5756,5717,5651,5598
4693,4708,4716,4726,4749,4737,4762,4768,4785,4797,4814,4833,4851,4866,4887,4931,4946,4945,4945,4888,4866,4892,4924,4875,4781,4733,4716,4744,4806,4891,4401,3109,2690,3026,3907,3892,4260,4675,4703,4660,4597,4536,4492,4449,4287,4124,4148,4186,4197,4227,4193,4003,3781,3649,3642,3872,4001,4244,4614,4855,4943,4948,4910,4875,4869,4880,4894,4899,4894,4875,4852,4841,4798,4709,4675,4589,4245,4069,3845,3533,3372,3409,3999,4336,3482,2587,3304,3168,2828,2618,2443,2166,2313,2865,3606,3912,4078,4204,4275,4509,4709,4719,4990,5416,5602,5646,5524,5217,4960,5291,5762,5867,5913,5893,5841,5852,5842,5810,5779,5739,5670
4685,4709,4714,4734,4739,4743,4743,4769,4786,4782,4793,4815,4822,4842,4884,4909,4915,4933,4936,4925,4903,4921,4989,4952,4833,4716,4638,4624,4627,4391,3363,2588,2503,2972,3613,3820,4262,4617,4626,4591,4558,4521,4470,4320,4090,3969,4059,4191,4228,4189,4064,3980,3902,3771,3791,3918,3889,4103,4490,4780,4903,4932,4913,4887,4887,4892,4899,4893,4897,4914,4896,4866,4731,4574,4486,4331,4000,3783,3693,3318,2309,1956,2392,2802,2398,2444,3480,3750,3459,3468,3377,3002,2898,3358,3759,3909,4005,4229,4334,4295,4159,4230,4502,5162,5420,5245,4874,4674,4518,4854,5724,5872,5902,5905,5893,5911,5907,5844,5786,5752,5693
4681,4698,4709,4717,4729,4735,4751,4770,4772,4780,4792,4793,4818,4831,4877,4890,4916,4941,4945,4959,4962,4992,5038,5018,4915,4785,4613,4457,4156,2962,2450,2210,2425,3541,3961,4061,4373,4542,4568,4568,4598,4525,4475,4239,3941,3859,3942,4021,4083,4021,3835,3656,3660,3787,4108,4383,4136,4129,4468,4751,4866,4914,4912,4879,4893,4900,4904,4926,4946,4942,4917,4848,4614,4347,4165,3945,3626,3394,3008,2945,2352,649,760,2013,2186,2480,3723,3962,3955,3965,3890,3496,3254,3470,3843,3858,4041,4240,4144,3985,3890,3903,3968,4091,4315,4488,4371,4440,4603,5013,5757,5903,5944,5941,5936,5928,5898,5849,5793,5758,5697
4684,4697,4695,4700,4717,4729,4743,4750,4764,4754,4757,4782,4803,4821,4849,4875,4908,4943,4946,4969,4982,5025,5054,5015,4968,4844,4625,4344,3339,2559,2155,2059,2837,3790,4112,4237,4369,4515,4555,4570,4562,4522,4442,4241,4006,3927,3949,3786,3702,3698,3616,3479,3474,3778,4088,4352,4460,4496,4551,4707,4847,4883,4885,4891,4887,4885,4914,4937,4960,4952,4918,4815,4532,4188,3942,3569,2663,1781,1912,2631,2981,538,625,2782,2756,2966,3807,3900,4027,4114,4037,3921,3719,3659,3798,3909,4143,4157,3972,3842,3746,3750,3752,3823,4037,4374,4457,4674,5073,5676,5816,5909,5938,5934,5932,5923,5881,5837,5798,5771,5726
4687,4684,4698,4701,4714,4713,4724,4728,4745,4739,4762,4777,4794,4823,4853,4876,4904,4937,4962,4973,4998,5019,5049,5048,4997,4916,4787,4533,3567,2463,2044,2165,3327,3785,4094,4273,4352,4483,4560,4592,4554,4486,4397,4128,3955,3989,3912,3667,3585,3552,3518,3442,3433,3631,3834,4049,4477,4636,4549,4674,4821,4865,4882,4882,4881,4901,4903,4933,4941,4949,4931,4845,4610,4190,3896,3299,1957,1599,2450,3077,2262,730,903,3050,3335,3708,3913,3972,4030,4088,4126,4063,3916,3861,3833,3991,4183,4108,3984,3904,3798,3652,3697,3996,4317,4489,4640,4719,4976,5762,5905,5914,5928,5929,5935,5936,5906,5850,5816,5879,5806
4690,4704,4703,4692,4701,4699,4714,4719,4740,4743,4771,4791,4802,4827,4844,4866,4910,4948,4977,4980,4997,5018,5022,5022,5012,4965,4900,4856,4033,2497,2057,2274,3573,3852,4108,4314,4247,4383,4597,4589,4514,4423,4232,3931,3887,3953,3770,3642,3562,3498,3461,3422,3433,3585,3917,4185,4439,4573,4615,4671,4793,4854,4866,4869,4871,4850,4866,4878,4911,4966,4969,4944,4614,4174,3789,2883,2447,3037,3805,3806,2357,1415,1363,2849,3489,3786,3942,3993,4015,4039,4130,4085,3984,3949,3949,4079,4142,4108,4128,4086,3961,3823,3899,4204,4751,4887,5036,5025,5079,5374,5550,5862,5929,5938,5937,5935,5925,5862,5838,5914,5791
4687,4691,4694,4700,4696,4705,4710,4716,4740,4739,4762,4801,4807,4826,4848,4886,4920,4954,4975,4989,5002,4997,4995,5004,4997,4917,4858,4860,4395,2833,2224,2408,3601,3898,4102,4319,4291,4400,4598,4540,4493,4363,4103,3849,3877,3906,3742,3668,3607,3473,3395,3292,3363,3520,3910,4184,4327,4502,4620,4661,4746,4787,4785,4788,4773,4747,4780,4800,4854,4922,4954,4842,4422,4005,3424,3082,3115,3528,3811,3493,1827,1625,1990,2749,3398,3729,3898,3953,3996,4019,4073,4095,4096,4014,4035,4100,4057,4143,4247,4233,4163,4302,4645,4905,5076,5268,5405,5365,5298,5106,5207,5813,5919,5931,5931,5929,5931,5870,5848,5912,5742
4681,4689,4686,4689,4701,4704,4718,4722,4739,4741,4766,4810,4817,4834,4862,4889,4933,4960,4975,4973,4994,4995,4982,4983,4971,4912,4927,5008,4819,3165,2709,3238,3973,3985,4055,4324,4419,4486,4552,4501,4456,4274,4026,3987,4069,4052,3878,3806,3705,3553,3347,3195,3260,3593,3926,4157,4290,4421,4576,4649,4657,4660,4699,4708,4660,4615,4696,4760,4778,4852,4780,4475,4122,3065,2984,3348,3297,3449,3604,2934,1940,2564,3437,3286,3549,3792,3886,3979,3979,3970,4030,4117,4101,4047,4054,4059,4023,4151,4233,4278,4326,4637,5195,5279,5210,5179,5312,5252,5111,4934,5296,5898,5922,5926,5932,5930,5933,5820,5825,5856,5344
4679,4694,4694,4699,4710,4709,4721,4724,4734,4744,4776,4799,4819,4847,4871,4896,4933,4965,4973,4961,4976,4976,4968,4970,4965,4945,4959,5025,4703,3191,2976,3807,4181,4188,4216,4367,4510,4529,4505,4495,4356,4147,4124,4246,4244,4149,4059,3919,3725,3496,3208,3092,3194,3594,4021,4301,4412,4503,4573,4584,4556,4550,4570,4564,4553,4553,4594,4643,4606,4536,4464,4162,3240,2822,3195,3545,3115,3033,3181,2910,2392,2746,3751,3758,3684,3768,3909,4008,3990,3932,4021,4108,4085,4083,4052,4000,4012,4112,4188,4263,4457,4885,5180,5226,5055,4850,5036,5084,4924,5211,5655,5940,5934,5929,5926,5890,5613,5568,5458,5260,5023
4662,4683,4693,4688,4699,4710,4718,4726,4735,4740,4782,4799,4826,4847,4870,4901,4944,4964,4955,4959,4957,4953,4945,4950,4950,4917,4875,4602,3940,2883,2593,3559,4205,4259,4305,4363,4459,4415,4426,4421,4239,4185,4364,4356,4273,4174,4115,3945,3664,3372,3055,2895,3014,3452,3995,4304,4444,4540,4549,4483,4430,4424,4447,4456,4431,4442,4467,4345,4151,4046,3758,3333,3126,3615,3970,3688,3105,2805,2741,2830,2813,3027,3846,3942,3835,3829,3893,3992,3993,3988,4025,4101,4088,4081,4047,3984,4041,4097,4133,4170,4231,4308,4487,4305,4437,4610,4828,4910,5065,5396,5799,5945,5915,5775,5462,5318,5370,5370,5137,4957,4810
4671,4686,4692,4705,4714,4719,4727,4720,4741,4754,4775,4809,4827,4840,4874,4903,4930,4929,4931,4941,4938,4920,4934,4932,4910,4865,4233,3685,3801,2584,2126,2959,4218,4195,4171,4215,4211,4115,4242,4248,4218,4356,4462,4392,4271,4213,4159,3930,3620,3268,2902,2727,2818,3322,3832,4146,4362,4505,4455,4373,4282,4253,4306,4320,4313,4297,4159,3925,3635,2843,3001,3279,3689,4633,4713,3819,3319,2965,2598,2696,3128,3814,3938,4048,4074,3977,3942,3980,4038,4045,4072,4061,4060,4056,4019,4001,4009,4046,4073,4040,3887,3573,3294,3061,2946,4162,4799,4945,5095,5230,5200,5085,4681,4787,4797,4981,5270,5206,5090,5028,5021
4685,4695,4703,4707,4699,4713,4705,4716,4733,4759,4764,4803,4825,4835,4855,4866,4888,4906,4925,4896,4886,4883,4894,4888,4868,4564,2830,2856,3661,2830,2052,2160,3781,3957,3976,3975,3865,3893,4088,4240,4472,4514,4434,4353,4270,4198,4104,3860,3560,3211,2802,2655,2704,3202,3712,3979,4261,4380,4344,4161,4064,4038,4068,4095,4168,4105,3803,3478,2678,2482,3422,4229,4943,5524,5006,4320,4384,4111,2880,2819,3632,3843,3856,3887,3978,4035,4060,4073,4061,4072,4056,4047,4041,4028,4021,3986,3974,4018,4024,3932,3785,3463,3022,2589,2364,3028,4908,5020,5204,5249,5096,4810,4413,4439,4672,4836,5014,5196,5285,5240,5026
4673,4675,4683,4691,4698,4713,4693,4719,4747,4765,4787,4809,4814,4812,4858,4851,4844,4872,4878,4823,4830,4854,4845,4861,4853,4011,2386,2173,3084,2561,1970,1847,2751,3391,3433,3435,3461,3915,4128,4387,4690,4566,4393,4249,4166,4094,3917,3692,3254,2816,2659,2573,2589,3451,3929,4000,4107,4145,4111,3954,3790,3650,3656,3834,3937,3844,3496,2352,2430,2897,4346,5664,5719,5793,5368,4902,5197,5059,3664,3327,3840,3997,4010,3924,3936,4061,4123,4095,4072,4063,4051,4054,4027,4036,4010,3968,3972,3973,3952,3862,3681,3315,2891,2563,2219,2312,3406,4522,4792,5115,5168,5146,4724,4468,4512,4610,4721,5062,5434,5169,4864
4680,4681,4686,4700,4704,4710,4718,4733,4763,4791,4799,4832,4841,4839,4858,4867,4841,4853,4833,4787,4805,4833,4822,4800,4753,3750,1605,1095,2142,2394,2339,2130,2738,3127,3034,3081,3542,4096,4381,4518,4606,4551,4349,4161,4092,3923,3573,3157,2533,2077,2107,2094,2081,2658,3833,3926,3882,3806,3770,3666,3433,3088,3023,3574,3367,2846,2320,1803,2433,3717,5508,5889,5927,5961,5349,4814,5327,5357,4881,3338,3329,3893,4045,4043,4058,4107,4151,4112,4083,4073,4061,4048,4028,4014,4019,3974,3951,3960,3913,3806,3605,3226,2877,2687,2375,2321,3068,4019,4904,4968,5112,5220,5021,4684,4519,4590,4705,5056,5270,5215,5101
4688,4689,4685,4716,4719,4730,4739,4755,4783,4820,4843,4859,4836,4817,4876,4871,4856,4821,4793,4791,4784,4791,4799,4673,4071,2132,683,972,2233,2543,2529,2654,2958,3198,3177,3338,3873,4255,4533,4631,4609,4453,4244,4058,3921,3347,2677,2136,1733,1634,1484,1433,1480,1562,2182,2845,2775,3018,3367,3280,2956,1859,1736,2451,2115,2219,2440,2593,3405,5212,5704,5796,5918,5935,4915,4173,5105,5466,5349,3338,2930,3454,3900,4052,4078,4027,4071,4126,4079,4066,4069,4012,4011,4018,4006,3960,3913,3920,3873,3789,3649,3477,3458,3299,3015,2765,3168,3753,5311,5444,5294,5230,5149,4778,4558,4625,4841,5356,5252,5245,5129
4706,4698,4698,4725,4732,4762,4770,4795,4809,4844,4852,4875,4853,4789,4806,4865,4854,4794,4780,4736,4734,4754,4676,4404,1562,553,770,2087,2656,2996,2417,2738,3041,3241,3565,3689,3953,4374,4623,4719,4555,4344,3925,3514,3200,2370,1684,1289,1117,1103,1248,1508,1716,1731,1779,1713,895,691,2064,1729,721,466,318,798,1225,2183,4136,4661,4901,5238,4911,5242,5780,5801,4188,3788,4665,5246,5200,3598,3306,3813,3907,4035,4058,3993,3979,4079,4093,4072,4061,4045,4002,4007,3988,3954,3918,3885,3828,3765,3694,3678,3685,3522,3295,3271,3133,3375,4472,5544,5271,5100,4935,4757,4689,4809,5301,5363,5395,5152,4993
4695,4711,4711,4733,4766,4784,4792,4822,4838,4839,4795,4824,4817,4706,4697,4803,4817,4716,4629,4661,4694,4651,4491,3420,863,574,2103,2792,3092,3528,3090,3109,3384,3569,3831,3827,4063,4481,4735,4647,4317,4034,3124,2553,2084,1526,1477,1389,1226,1444,2130,3782,3967,2207,1523,832,539,271,20,17,102,20,0,12,397,1917,3695,4656,4951,4249,3967,4769,5491,5368,3439,3513,4248,4865,5102,3996,3487,3859,3946,4007,4039,4010,3978,4039,4113,4092,4049,4019,3995,3982,3953,3915,3913,3899,3858,3759,3674,3578,3433,3365,3440,3576,3402,3393,3644,4404,5242,4945,4782,4710,4653,4671,4800,5010,5015,4953,4864
4696,4720,4732,4756,4770,4791,4820,4846,4871,4802,4717,4739,4701,4619,4634,4710,4723,4637,4569,4596,4604,4508,4350,1159,1101,2853,3017,3629,3787,3724,3510,3877,4184,4256,4291,4194,4305,4514,4549,4338,3680,2565,1683,1501,1617,1834,3904,4062,3842,4096,4381,4427,3770,2106,1586,733,350,139,0,1,35,32,76,189,1080,2962,3541,4102,4023,3427,3615,4495,5078,3835,2914,3328,3756,4325,5007,4690,3638,3716,3927,4080,4074,4026,3948,4003,4120,4109,4073,4025,3995,3971,3987,3903,3890,3901,3865,3746,3679,3576,3491,3517,3789,3937,3681,3611,3680,3887,4552,4628,4666,4720,4556,4546,4681,4781,4772,4790,4735
4696,4720,4739,4747,4780,4811,4863,4880,4835,4764,4711,4676,4602,4555,4583,4604,4630,4646,4628,4545,4503,4438,2073,873,3104,3458,3563,3968,4175,4089,4213,4548,4690,4583,4486,4435,4287,4019,3614,3343,1935,1377,1699,2271,3225,4113,4273,4337,4365,4434,4434,4402,4282,3249,2738,1107,302,348,723,558,345,650,950,936,1727,2607,3176,3188,2771,2837,3457,3884,4145,3237,3041,3652,4016,4253,4614,4802,3925,3778,3986,4103,4048,3993,3896,3947,4117,4102,4062,4036,3997,3973,3973,3960,3938,3931,3871,3789,3729,3664,3649,3821,3987,3968,3666,3651,3721,3882,4223,4330,4487,4688,4599,4582,4591,4578,4598,4626,4648
4737,4755,4764,4802,4829,4873,4912,4907,4771,4694,4718,4677,4556,4523,4590,4611,4583,4602,4658,4569,4473,4280,1166,1112,3225,3662,3816,3933,4251,4442,4726,4905,4796,4264,3974,4098,3897,3294,2902,2487,1831,2577,4131,4283,4289,4370,4424,4473,4524,4553,4455,4405,4401,4371,3971,3166,2686,2287,1317,461,1173,2427,2287,1376,1093,1931,2487,2578,2444,2892,3290,3324,3677,3724,4011,4137,4176,4177,4282,4601,4215,4000,4021,4063,4004,3959,3949,4022,4147,4135,4082,4049,4014,3985,3967,3964,3976,3992,3961,3925,3836,3801,3855,4003,4002,3746,3734,3915,3890,4024,4140,4235,4498,4557,4486,4468,4473,4491,4511,4523,4536
4753,4773,4803,4846,4859,4874,4917,4801,4671,4657,4684,4601,4500,4514,4553,4631,4621,4534,4572,4449,3588,1210,1004,2910,3219,3614,3850,3958,4156,4633,4999,5089,4687,3575,3377,3498,3190,2746,2786,2863,3379,4230,4475,4561,4580,4589,4575,4523,4551,4554,4522,4433,4422,4418,4163,3535,3422,3564,2654,1921,2687,3120,2664,2131,1895,1952,2242,2915,3005,3017,3309,3677,4139,4385,4523,4246,4050,4076,4061,4114,4364,4230,4032,4040,3986,3937,3959,4005,4119,4189,4115,4056,4039,3990,3992,3982,4014,4020,4044,4025,3964,3960,3974,4041,3931,3756,3807,4152,4142,4061,4076,4197,4376,4413,4415,4410,4420,4433,4425,4410,4422
4786,4805,4848,4901,4856,4792,4833,4710,4542,4579,4592,4493,4461,4477,4525,4640,4630,4518,4435,4228,1023,469,2517,3523,3160,3328,3961,4090,4325,4756,4982,4963,4067,2980,2842,2826,2911,2822,3074,3762,3963,4346,4652,4692,4675,4579,4569,4531,4579,4616,4667,4595,4513,4473,3899,3260,3224,3610,3799,3573,3330,3026,2574,2423,2523,2387,2344,3351,3917,3753,4095,4417,4502,4463,4661,4309,4006,4016,3970,4028,4138,4054,4104,4082,4029,3914,3877,4019,4213,4214,4137,4064,4031,4020,4004,3989,4008,4030,4057,4036,4022,4007,4007,4051,3992,3885,3883,4021,4052,4046,4099,4191,4284,4319,4355,4347,4347,4351,4351,4334,4354
4812,4854,4924,4974,4821,4686,4727,4607,4406,4418,4447,4418,4414,4477,4616,4652,4567,4430,3846,1053,349,774,2615,2789,2903,3339,3983,4298,4492,4706,4907,4671,3290,2611,2482,2823,3373,3837,3902,4032,4174,4398,4597,4591,4569,4541,4571,4622,4614,4633,4777,5016,4605,4399,4218,3518,3053,3176,3518,3310,3041,2705,2528,3083,3496,3645,3543,3920,4245,4610,4727,4539,4348,4183,4306,4369,4088,3954,3946,3950,3879,3913,4227,4183,4064,3885,3838,4053,4262,4215,4157,4078,4031,4013,4007,4000,4003,4022,4035,4033,3998,3980,3998,4050,4063,4034,4010,4027,4057,4063,4124,4146,4205,4245,4268,4274,4279,4311,4324,4338,4371
4866,4916,5011,5082,4896,4643,4604,4489,4384,4342,4325,4335,4404,4480,4537,4595,4464,3343,1264,516,446,2562,3116,2823,2993,3481,4057,4394,4566,4573,4721,4321,3419,3092,3226,3692,3961,4076,4082,4104,4212,4323,4402,4478,4549,4553,4583,4620,4576,4500,4576,5071,4846,4468,4428,4378,3815,3412,3220,2878,2799,3094,3493,4011,4181,4242,4196,4172,4255,4441,4667,4530,4244,4126,4210,4289,4266,4125,4007,3874,3792,3963,4481,4492,3992,3800,3878,4105,4230,4222,4170,4101,4049,4012,3987,3993,4004,4010,4045,4027,3996,3988,4001,4034,4092,4089,4052,4094,4110,4092,4121,4137,4178,4189,4212,4237,4239,4273,4274,4274,4325
4837,4923,5075,5037,4843,4653,4511,4445,4359,4239,4200,4263,4260,4221,3941,3633,3191,2394,2036,3276,2315,2606,4048,3936,3516,3849,4089,4262,4492,4610,4370,3948,3854,3978,3988,4002,4097,4174,4258,4242,4254,4371,4470,4519,4566,4583,4631,4586,4401,4118,4057,4247,4521,4387,4422,4383,3548,3366,2939,2654,2798,3705,4551,4562,4685,4642,4215,4243,4191,3906,4127,4326,4127,4030,4078,4101,4292,4427,4294,4094,3957,4080,4570,4617,3856,3778,3997,4195,4225,4221,4158,4098,4048,4031,4001,4000,3989,4006,4011,4005,3996,3995,4008,4038,4056,4062,4066,4079,4113,4110,4103,4126,4148,4167,4181,4207,4221,4240,4249,4262,4307
4860,4904,4940,4759,4583,4495,4414,4340,4172,3809,3391,3794,3724,3360,3123,3117,3065,3176,4043,3959,2775,2914,3655,4068,4215,4187,4089,4133,4407,4470,4097,3898,4000,4219,4202,4166,4238,4323,4354,4365,4423,4500,4551,4573,4599,4624,4623,4506,4316,4130,4016,4100,4163,4146,3886,3175,2859,2806,3007,3297,3677,4287,4662,4843,4953,4902,4493,4445,4026,3562,3696,3911,4128,4205,4166,4156,4248,4304,4277,4394,4258,4212,4329,4436,3883,3787,3941,4144,4212,4164,4136,4078,4024,4020,3993,3992,3981,3976,3974,3985,3974,3983,4009,4008,4015,4029,4052,4062,4074,4056,4067,4083,4105,4137,4153,4203,4205,4215,4211,4276,4341
4977,4979,4893,4758,4621,4532,4459,4288,3969,2532,2140,2176,2030,1898,2268,3324,4745,4347,4118,3973,3410,3467,3921,4200,4357,4324,4132,4108,4330,4340,4051,4117,4213,4309,4382,4383,4417,4483,4455,4445,4518,4533,4576,4591,4611,4633,4614,4436,4310,4235,4180,4203,4203,4134,3637,3274,3557,3688,4212,4618,4626,4541,4602,4710,4898,5177,5011,4942,4530,3360,3345,4026,4444,4726,4449,4162,4126,4166,4144,4200,4366,4336,4256,4410,4218,3833,3867,4034,4137,4122,4041,4029,4003,3978,3980,3986,3965,3950,3937,3956,3950,3955,3973,3946,3988,4017,4020,4016,4020,4031,4050,4071,4094,4098,4145,4165,4159,4160,4178,4211,4298
5052,5065,5154,5400,5318,4685,4587,4445,3276,1685,2036,2677,2364,1829,1750,2277,3260,3807,3776,3888,3845,3718,4060,4238,4366,4384,4231,4192,4288,4352,4270,4321,4408,4417,4462,4512,4525,4516,4501,4527,4563,4558,4596,4597,4612,4629,4606,4472,4412,4365,4340,4379,4410,4259,3870,3862,4207,4590,4916,5033,4791,4445,4494,4476,4620,5179,5453,5427,5403,3695,3137,4102,4966,4685,4051,3953,4030,4143,4062,4154,4385,4396,4302,4353,4290,3924,3863,4012,4079,4045,4003,3980,3961,3943,3946,3943,3933,3928,3932,3939,3918,3936,3949,3940,3959,3982,3991,3995,4017,3999,4012,4040,4063,4100,4116,4103,4110,4107,4119,4128,4155
5145,5195,5377,5553,5263,4689,4550,4141,1739,1435,2188,4465,4450,4263,3627,2397,2585,3317,3707,3981,4080,4005,4075,4260,4411,4419,4330,4331,4392,4462,4459,4473,4495,4509,4508,4526,4506,4517,4539,4563,4588,4583,4589,4566,4607,4630,4609,4554,4498,4419,4384,4671,4819,4652,4187,4033,4373,4829,5083,5175,4923,4530,4433,4412,4623,5429,5787,5776,5776,4304,3126,3893,4807,3428,3355,3834,4002,4114,4047,4162,4328,4276,4288,4295,4329,4034,3929,4032,4011,3985,3971,3940,3935,3927,3936,3919,3915,3901,3917,3909,3911,3911,3913,3904,3926,3943,3956,3992,3999,4007,4012,4038,4034,4102,4097,4089,4074,4087,4063,4035,4050
5288,5349,5371,5374,5053,4622,4166,1413,1176,2502,4043,4368,4536,4574,4600,4044,3338,3337,3787,4096,4215,4275,4285,4370,4471,4491,4462,4451,4528,4557,4540,4535,4534,4504,4501,4509,4511,4551,4560,4584,4604,4597,4572,4606,4604,4621,4614,4609,4521,4370,4474,5149,5269,5199,4764,4214,4361,4787,5011,5082,4987,4709,4351,4356,4970,5683,5750,5853,5873,4937,3330,3729,3517,2956,3240,3836,3943,4040,4117,4202,4221,4132,4244,4218,4206,4012,3963,4013,3972,3951,3937,3924,3909,3903,3896,3896,3904,3895,3895,3897,3890,3894,3905,3893,3912,3924,3942,3971,3987,4009,4019,4042,4031,4054,4049,4061,4032,3998,3995,4003,4030
5316,5347,5392,5225,4917,4668,3227,1341,2551,4437,4503,4494,4675,4960,5252,4915,4037,3668,3842,4103,4322,4466,4520,4536,4536,4526,4541,4572,4600,4577,4552,4543,4528,4517,4523,4518,4556,4587,4588,4607,4611,4600,4595,4624,4635,4622,4599,4563,4459,4169,4625,5475,5520,5381,5101,4351,4258,4786,4892,5031,5098,4936,4573,4625,5088,5402,5583,5808,5853,5608,4165,3449,3180,3018,3505,3890,3801,3896,4134,4135,4028,4068,4160,4044,3932,3874,3978,4025,3970,3945,3944,3930,3901,3903,3901,3886,3889,3887,3893,3890,3865,3873,3888,3883,3894,3909,3930,3930,3965,3988,3984,4004,4000,4009,4006,3983,3971,3958,3962,3988,4027
5296,5202,5211,5181,4944,4805,2699,1977,3628,4422,4598,4655,4642,4689,4967,4845,4369,4145,4115,4216,4467,4579,4605,4603,4579,4552,4569,4605,4588,4567,4562,4552,4544,4539,4556,4566,4549,4570,4594,4618,4625,4607,4614,4623,4633,4640,4609,4538,4216,4002,4882,5612,5651,5569,5352,4879,4448,4599,4642,4916,5364,5368,4914,4948,5135,5106,5301,5696,5784,5459,4169,3201,3024,3072,3691,3846,3749,3838,3881,3899,3965,3991,3965,3924,3800,3833,4027,4078,3978,3970,3952,3937,3913,3922,3896,3877,3888,3863,3873,3876,3850,3861,3866,3878,3879,3898,3908,3927,3951,3961,3988,3995,3949,3933,3937,3926,3930,3950,3966,3967,4014
5191,5083,4761,4754,4717,2817,3124,2837,2513,3292,3933,4443,4520,4449,3925,3812,4009,4210,4251,4350,4523,4587,4587,4574,4547,4550,4554,4556,4573,4557,4546,4546,4541,4541,4542,4559,4558,4571,4606,4600,4608,4607,4608,4617,4608,4582,4572,4518,4201,3941,4382,5673,5689,5724,5533,5129,4813,4359,4430,4945,5392,5378,5048,4993,5092,5027,5206,5520,5243,3827,3239,3417,3382,3267,3587,3706,3705,3789,3745,3860,3939,3905,3925,3868,3799,3915,4105,4134,4027,3979,3952,3922,3898,3898,3888,3882,3880,3864,3856,3860,3840,3843,3866,3878,3889,3886,3907,3928,3932,3944,3946,3921,3896,3878,3890,3915,3918,3925,3944,3966,3971
5135,5118,4755,4478,2447,2609,4940,4883,2663,2725,3523,4105,4667,4823,4161,3847,4025,4203,4334,4457,4549,4567,4566,4556,4562,4556,4554,4548,4550,4540,4550,4551,4549,4527,4530,4548,4563,4577,4602,4608,4622,4614,4616,4624,4627,4583,4564,4532,4211,3934,4324,5712,5726,5730,5499,5104,4825,4402,4566,5146,5357,5347,5133,4928,4950,5056,5134,5004,3426,2710,3165,3810,3721,3584,3620,3484,3660,3817,3872,3935,3871,3921,4061,3887,3888,4075,4173,4184,4068,4015,3963,3946,3920,3906,3897,3875,3885,3863,3863,3837,3842,3841,3851,3858,3857,3880,3893,3907,3928,3929,3886,3887,3878,3886,3907,3916,3910,3928,3941,3951,3972
5040,5038,5152,5138,2813,3330,4950,5238,4590,3606,3440,3614,3904,4195,4505,4342,4286,4372,4408,4472,4529,4559,4545,4543,4545,4546,4542,4546,4533,4538,4552,4540,4528,4543,4535,4566,4560,4594,4590,4615,4624,4632,4616,4623,4589,4574,4552,4498,4176,3945,4475,5732,5751,5714,5537,5189,4869,4618,4834,5129,5275,5358,5166,4902,4866,4822,4579,2984,2462,2973,3814,3935,3823,3686,3606,3593,3740,3927,3931,3869,3915,4062,4196,3975,3915,4035,4159,4205,4106,4036,3973,3926,3938,3913,3884,3889,3874,3860,3851,3829,3829,3832,3850,3848,3873,3887,3897,3912,3932,3920,3904,3915,3900,3894,3929,3923,3925,3935,3934,3937,3985
5116,5235,5597,6079,3213,2982,4416,5171,5193,4964,4095,3573,3788,3920,4024,4216,4281,4406,4428,4477,4512,4529,4522,4516,4534,4541,4513,4528,4523,4519,4534,4546,4531,4539,4542,4565,4578,4572,4583,4607,4647,4632,4639,4644,4608,4596,4509,4340,4107,4072,4693,5672,5684,5646,5538,5197,4821,4649,4861,5153,5261,5302,5122,4872,4812,4413,3027,2406,2356,2922,3864,3918,3877,3799,3850,3922,3944,3898,3880,3972,4038,4112,4163,3975,3883,4025,4176,4209,4117,4044,3984,3945,3935,3944,3900,3904,3886,3856,3852,3840,3826,3846,3850,3848,3870,3880,3900,3902,3912,3910,3928,3936,3911,3908,3923,3938,3918,3935,3940,3964,4029
5315,5384,5423,4808,1501,1843,3475,4563,5184,4927,4569,4246,4445,4189,3866,3991,4232,4408,4489,4490,4480,4486,4486,4496,4504,4518,4519,4508,4519,4514,4523,4517,4529,4527,4544,4558,4574,4564,4584,4603,4630,4644,4650,4640,4661,4634,4546,4295,4144,4262,5176,5522,5551,5503,5460,5201,4879,4635,4809,5160,5239,5259,5137,4942,4895,4458,2956,2869,2720,2968,3592,3762,3851,3956,4041,4062,4030,4018,4054,4237,4202,4094,4178,4010,3958,4170,4233,4214,4122,4042,3996,3937,3922,3932,3907,3885,3874,3843,3857,3841,3854,3850,3855,3861,3884,3877,3891,3893,3897,3913,3944,3954,3943,3929,3933,3912,3904,3894,3896,3929,4134
5270,5216,4004,2711,2551,2329,3089,3663,3946,3741,3892,4101,4408,4487,4130,4115,4304,4438,4495,4493,4484,4470,4462,4485,4480,4478,4497,4502,4509,4510,4516,4518,4520,4545,4554,4563,4573,4576,4578,4601,4629,4641,4638,4640,4639,4646,4562,4312,4156,4411,5371,5419,5470,5452,5346,5184,4792,4532,4793,5185,5236,5241,5205,5054,5040,4889,2951,2512,3280,3703,3729,3687,3699,3849,3845,3876,4024,3936,3954,4295,4265,4107,4215,4195,4127,4199,4210,4176,4119,4052,3988,3937,3920,3913,3901,3886,3875,3843,3864,3859,3839,3844,3866,3873,3882,3897,3885,3896,3897,3919,3936,3928,3930,3935,3915,3903,3893,3897,3901,3937,4177
5225,4369,3132,4445,4730,4135,3353,3368,3457,3518,3669,4044,4253,4284,4229,4282,4402,4463,4479,4462,4468,4449,4445,4461,4460,4464,4486,4484,4508,4500,4513,4522,4542,4556,4570,4587,4579,4603,4607,4621,4650,4678,4660,4616,4594,4637,4593,4284,4134,4456,5331,5418,5429,5336,5244,4833,4155,4173,4799,5222,5278,5223,5037,4910,4930,4622,2764,2003,2840,3909,3989,3832,3629,3714,3853,3927,4032,3877,3789,3907,3909,3945,4206,4402,4298,4267,4221,4188,4111,4044,3979,3953,3934,3932,3904,3900,3884,3884,3887,3853,3859,3856,3886,3889,3903,3894,3898,3877,3883,3910,3910,3908,3896,3901,3885,3857,3844,3879,4131,4282,4359
4989,1950,2381,4463,5059,5354,4795,3495,3555,3657,3733,3963,4054,4162,4263,4362,4441,4469,4465,4456,4440,4429,4436,4430,4442,4431,4450,4477,4494,4492,4496,4513,4538,4546,4570,4580,4584,4587,4600,4619,4676,4679,4596,4669,4725,4603,4525,4320,4097,4216,5085,5457,5405,5314,5197,4768,4014,3969,4598,5288,5209,5139,4921,4864,4913,4824,3920,2145,2236,3739,3910,3858,3810,3891,4048,4172,4211,4077,3819,3712,3708,3795,4147,4481,4378,4314,4220,4189,4112,4045,4009,3960,3967,3949,3914,3892,3888,3896,3896,3869,3866,3889,3879,3904,3906,3907,3901,3888,3879,3891,3918,3911,3890,3920,3898,3822,3736,3764,4053,4358,4338
3286,1985,2588,3598,4507,5190,5233,4563,3967,3785,3664,3858,4016,4201,4349,4410,4448,4447,4443,4423,4398,4382,4398,4422,4410,4392,4427,4463,4469,4477,4490,4512,4540,4570,4577,4594,4591,4584,4608,4584,4600,4576,4410,4637,5053,4882,4734,4416,4155,4153,4959,5495,5410,5326,5258,5101,4412,4176,4674,5184,5066,5079,4977,4970,5011,4924,4736,2877,2113,2925,3849,3919,4044,4028,3982,4027,4077,4199,3993,3759,3691,3802,4069,4408,4385,4325,4258,4195,4096,4043,4016,3973,3951,3946,3901,3895,3903,3895,3888,3886,3885,3877,3895,3922,3923,3912,3908,3914,3897,3871,3883,3835,3840,3923,3927,3897,3795,3769,3954,4040,3992
2714,3685,3598,3553,3847,4385,5003,5060,4924,4468,3994,4038,4115,4284,4432,4484,4475,4446,4430,4429,4400,4384,4387,4395,4400,4379,4394,4441,4468,4489,4506,4522,4564,4584,4579,4591,4588,4553,4558,4552,4560,4388,4230,4371,4670,5067,5060,4665,4402,4557,5101,5327,5364,5309,5275,5228,5106,4770,4627,4533,4771,4924,4837,4840,4929,4913,4759,4063,2610,3275,4014,4084,4135,4067,3885,3825,3904,4055,4132,3879,3791,3820,4016,4179,4247,4294,4274,4198,4108,4064,4025,3985,3972,3933,3909,3906,3905,3910,3921,3901,3899,3905,3923,3935,3958,3950,3924,3938,3928,3890,3897,3845,3822,3792,3907,4299,4173,3998,4010,3907,3828
3380,4006,4213,4093,4479,4106,3761,4181,4415,4294,4353,4313,4332,4421,4501,4484,4479,4444,4418,4400,4398,4361,4381,4394,4388,4357,4390,4414,4488,4497,4527,4546,4579,4572,4579,4602,4588,4535,4479,4427,4381,4269,4237,4289,4468,4902,5017,4949,4959,4989,5014,5202,5279,5295,5299,5301,5310,5156,4724,4384,4422,4627,4643,4471,4538,4722,4287,3964,3656,3619,3754,3823,3957,4123,4024,3898,3917,4128,4176,3953,3957,3901,3988,4023,3997,4138,4202,4160,4102,4068,4017,3985,3964,3944,3914,3920,3931,3925,3914,3917,3924,3947,3967,3993,3989,3989,3968,3925,3919,3871,3867,3984,3947,3624,3626,4111,4102,3795,3852,3857,3775
3631,4036,4148,3934,4357,4851,3932,3758,3837,4005,4204,4358,4482,4511,4508,4483,4460,4427,4412,4396,4380,4373,4367,4386,4381,4378,4380,4380,4475,4493,4521,4553,4571,4549,4554,4553,4537,4536,4442,4357,4289,4261,4318,4514,4752,4960,5047,5153,5113,4953,4963,5121,5200,5189,5186,5288,5369,5413,5239,4628,4338,4310,4417,4356,4040,3927,3904,3802,3858,3208,2854,3210,3748,3913,4053,4033,4036,4395,4527,4229,4085,4032,3966,3900,3866,4009,4110,4110,4088,4056,4020,3984,3949,3939,3927,3940,3932,3925,3932,3938,3952,3963,4001,4022,4011,3994,3942,3849,3792,3717,3777,4277,4214,3786,3707,3761,3686,3461,3513,3579,3498
3617,3933,3991,3760,3789,4224,4438,4514,4044,3995,4125,4302,4464,4529,4511,4480,4452,4430,4400,4384,4370,4371,4359,4385,4384,4365,4372,4390,4460,4516,4543,4563,4584,4567,4550,4534,4522,4492,4434,4394,4239,4086,4235,4816,5129,5225,5254,5252,5045,4971,5122,5120,5097,5031,4986,5190,5378,5401,5343,4967,4594,4298,3762,3984,3833,3635,3690,3910,4109,2418,2284,2923,3184,3583,3922,4079,4133,4283,4453,4397,4228,4119,4008,3901,3875,3964,4027,4075,4056,4066,4048,3989,3953,3950,3935,3949,3943,3942,3958,3947,3974,4022,4047,4045,3987,3932,3876,3894,3718,3640,3870,4602,4517,4308,4275,3873,3588,3333,3251,3301,3317
3446,3784,4100,4126,3989,4021,4037,4068,4126,4132,4195,4370,4498,4527,4527,4473,4440,4421,4409,4394,4373,4367,4368,4392,4393,4395,4389,4402,4449,4528,4579,4563,4575,4600,4564,4481,4524,4440,4380,4406,4099,3666,3975,5038,5375,5384,5370,5333,5096,5105,5261,5177,5041,4968,5014,5234,5378,5382,5369,5281,5086,4452,3256,3086,3239,3080,3260,3890,4050,2479,2360,3085,3342,3658,3831,3913,4081,4174,4212,4142,4172,4102,4048,4094,4006,3998,3999,4035,4034,4048,4018,3998,3973,3955,3963,3952,3946,3948,3971,3976,4012,4055,4085,4049,3884,3713,3775,4029,3897,3819,3942,4240,4475,4340,4385,4437,3978,3726,3451,3418,3620
3298,3570,3918,4304,4542,4744,4328,3982,4016,4126,4245,4427,4519,4517,4497,4473,4458,4433,4399,4381,4376,4369,4381,4401,4417,4394,4400,4413,4464,4521,4586,4569,4561,4572,4530,4394,4365,4357,4327,4283,3895,3522,3681,5232,5451,5442,5402,5422,5297,5255,5328,5237,5088,4891,4981,5091,5200,5353,5331,5293,5159,4755,3933,3135,2582,2404,2585,3086,3255,2699,2605,3491,3989,3966,3914,3824,3982,4041,3868,3863,3998,4020,4089,4174,4075,4027,4026,4027,4027,4043,4009,3988,3989,3983,3975,3980,3973,3975,3970,3992,4029,4081,4081,3948,3651,3418,3579,3836,3699,3764,3910,4193,4258,3880,4023,4528,4530,4325,3975,3551,3607
3480,3574,3766,4084,4496,4487,4343,4220,4195,4247,4344,4466,4522,4516,4508,4475,4483,4427,4406,4377,4389,4377,4373,4385,4403,4421,4436,4433,4464,4499,4472,4372,4298,4251,4368,4372,4298,4234,4205,3960,3620,3464,3939,5365,5463,5460,5439,5431,5381,5364,5354,5320,5206,5016,4979,4850,4889,5243,5332,5239,5132,4902,4586,3533,2315,1733,1513,1891,2770,2819,2815,3380,3812,3906,3834,3714,3807,3841,3750,3825,3905,3961,4122,4292,4199,4112,4063,4080,4063,4029,4009,4006,3995,3995,3984,3978,3964,3975,3971,3992,4050,4075,3978,3794,3482,3149,3124,3140,3090,3154,3688,4394,4251,3717,3724,3994,4333,4419,4182,3769,3676
3406,3507,3681,3887,3929,3876,3943,4085,4245,4373,4472,4525,4509,4499,4487,4474,4477,4430,4424,4399,4396,4373,4363,4358,4399,4462,4513,4533,4511,4534,4527,4348,4186,4098,4097,4108,4004,3946,3920,3789,3524,3459,4674,5421,5473,5454,5448,5440,5414,5394,5364,5333,5285,5242,5218,5027,4861,5095,5337,5256,5098,4944,4528,3403,2360,1521,1410,2173,3150,3108,2798,2877,3408,3625,3617,3657,3747,3789,3803,3848,3901,3927,4083,4288,4244,4166,4138,4115,4073,4025,4020,3998,4007,4015,3993,3973,3953,3946,3955,3973,4020,3967,3858,3689,3389,3131,3118,3109,3049,3034,3207,3985,3795,3277,3251,3688,4100,4497,4515,4038,3907
3390,3511,3784,3946,3918,3850,3873,4010,4250,4394,4508,4529,4515,4487,4487,4483,4470,4468,4453,4406,4385,4357,4327,4277,4311,4425,4553,4611,4644,4648,4840,4866,4765,4748,4331,4100,3953,3842,3945,3911,3544,3684,4975,5392,5478,5460,5440,5425,5407,5378,5317,5235,5179,5129,5172,5068,4932,5110,5339,5329,5190,5017,4518,2847,1981,1880,2261,4067,4302,3903,2996,2760,3218,3399,3531,3696,3714,3713,3756,3872,3950,3994,4052,4141,4157,4153,4155,4099,4036,4039,4019,4001,4014,4018,4029,3991,3966,3937,3940,3969,3933,3811,3748,3639,3477,3668,3676,3606,3562,3359,3226,3378,3297,3043,2983,3046,3822,4705,4604,4034,3832
3859,3835,4005,3976,3914,3891,3972,4130,4312,4480,4534,4535,4501,4472,4461,4479,4466,4460,4450,4440,4411,4354,4255,4208,4222,4291,4453,4649,4714,4814,4954,5045,5060,5107,5085,4983,4883,4702,4582,4307,3917,4083,4361,5001,5416,5440,5426,5429,5369,5280,5188,5043,4856,4692,4861,5075,4983,5102,5341,5405,5356,5127,4581,2785,2230,3095,4148,5027,5373,5584,4161,3046,3221,3360,3545,3646,3723,3716,3775,3923,3978,4038,4069,4094,4121,4134,4112,4072,4046,4036,4014,4007,4022,4025,4033,4010,3973,3939,3930,3879,3772,3668,3654,3817,4098,4948,5026,4858,5198,4433,3539,3348,3251,3214,3153,3090,4186,5026,4578,4088,4082
4617,4357,4378,4318,3999,3900,3961,4171,4371,4526,4549,4510,4486,4489,4480,4491,4475,4448,4435,4419,4423,4376,4268,4200,4203,4255,4338,4589,4743,4915,5019,5088,5140,5180,5183,5176,5164,5103,5067,4973,4674,4379,4094,4362,5013,5323,5290,5289,5245,5173,5011,4746,4633,4599,4662,5160,5241,5214,5382,5456,5429,5261,4782,3253,2520,3876,5118,5302,5631,5631,5156,3573,3322,3502,3838,3816,3858,3899,3864,3938,4006,4072,4079,4043,4083,4091,4101,4065,4039,4026,4015,4040,4031,4054,4042,4007,3980,3953,3928,3846,3743,3585,3544,3743,4386,4949,5232,5549,5428,4432,3517,3299,3412,3650,3934,4342,4969,5050,4611,4248,4071
4450,4472,4583,4319,4089,4163,4110,4223,4421,4521,4515,4494,4475,4478,4491,4483,4470,4440,4423,4419,4450,4454,4387,4253,4204,4225,4295,4442,4694,4862,5014,5108,5156,5211,5228,5222,5236,5225,5223,5220,5135,4879,4217,4081,4475,4787,4711,4940,5008,4923,4766,4438,4513,4792,4592,4978,5326,5286,5410,5483,5467,5301,4962,3970,2361,3576,5083,5503,5648,5642,5486,3968,3453,3478,3810,3913,3896,4023,3962,4017,4073,4072,4054,4055,4078,4098,4093,4067,4039,4033,4052,4059,4038,4061,4048,4014,3978,3970,3877,3815,3885,3797,3550,3471,3553,3766,4478,5196,5301,5157,4463,3838,4005,4633,4881,4649,4070,3952,4062,3995,3880
3872,4136,4435,4375,4527,4563,4525,4382,4419,4440,4478,4470,4461,4479,4493,4504,4481,4462,4443,4402,4454,4556,4529,4434,4266,4215,4273,4366,4555,4623,4891,5106,5160,5206,5250,5269,5270,5274,5290,5266,5138,5001,4292,4049,4181,4326,4323,4572,4714,4704,4522,4276,4318,4568,4584,4762,5196,5322,5428,5509,5421,5278,5066,4054,2330,3817,4905,5419,5716,5711,5580,4276,3733,3627,3535,3670,3858,3930,3920,4086,4171,4124,4084,4071,4095,4105,4081,4051,4049,4057,4052,4046,4051,4024,4026,4020,3973,3930,3857,3808,3978,4058,3770,3773,3804,3733,3713,3793,4120,4803,5116,5015,5127,5612,4896,4048,3337,3362,3923,4305,4400
3898,4141,4514,4712,4759,4587,4410,4387,4379,4380,4394,4462,4492,4493,4501,4501,4499,4471,4455,4400,4411,4504,4611,4746,4449,4325,4324,4353,4503,4459,4696,5067,5150,5173,5258,5292,5306,5303,5331,5312,5159,4949,4518,4355,4269,4189,4163,4227,4431,4393,4228,4136,4019,4388,4821,4930,5173,5346,5474,5553,5434,5311,5169,4591,3208,3612,4040,4815,5488,5578,5031,4472,4521,4111,3648,3587,3843,3930,4009,4114,4194,4199,4159,4121,4116,4098,4061,4064,4061,4043,4023,4003,4026,4004,3979,3927,3836,3787,3759,3851,3967,3926,3793,3764,4093,4720,4044,3741,3979,4250,4867,5327,5262,5360,4872,4036,3278,3386,4744,5472,5663
4486,4464,4641,4679,4622,4483,4411,4376,4351,4343,4362,4475,4497,4479,4482,4487,4509,4486,4508,4459,4393,4470,4685,4778,4680,4677,4379,4303,4410,4338,4511,4922,5079,5139,5194,5276,5306,5310,5327,5323,5239,5105,5089,4984,4306,3986,3987,4124,4267,4186,3910,3657,3763,4637,5163,5217,5219,5374,5552,5582,5501,5352,5185,4705,3207,2731,2946,4391,4927,5073,4257,4375,5551,5478,3764,3667,3923,3946,4019,4130,4193,4229,4206,4178,4172,4123,4076,4081,4029,4006,3986,3940,3968,3959,3910,3811,3662,3591,3620,3750,3844,3707,3632,3304,3253,4741,4974,4353,4392,4599,4945,5388,5002,4334,4358,4057,3561,3704,5508,5881,6026
4880,4794,4762,4722,4503,4407,4413,4402,4352,4377,4395,4455,4473,4477,4457,4482,4530,4605,4630,4605,4476,4482,4684,4710,4671,4702,4364,4227,4349,4338,4372,4722,4976,5103,5169,5244,5304,5320,5315,5309,5267,5226,5205,4951,4172,3910,4014,4215,4210,4090,3701,3301,3662,4896,5375,5479,5421,5557,5647,5605,5577,5351,5059,3723,2268,1706,2105,4110,4554,4602,4302,4289,5433,5575,4514,3717,3928,3996,4028,4159,4204,4213,4198,4186,4167,4099,4044,4019,3975,3955,3908,3889,3909,3882,3786,3735,3607,3540,3601,3694,3680,3680,3668,3223,3099,4646,5107,4646,4384,4016,4085,4724,4761,4080,3679,3569,3765,4761,5946,5943,5926
4809,4697,4671,4549,4328,4290,4363,4409,4408,4403,4418,4435,4471,4480,4479,4443,4474,4664,4844,4824,4717,4530,4598,4660,4669,4686,4458,4205,4227,4354,4347,4419,4672,4987,5137,5222,5303,5329,5327,5342,5335,5202,4942,4448,3964,3822,4014,4299,4277,3991,3605,3391,3791,5191,5513,5686,5675,5688,5706,5697,5600,5347,5044,3996,1721,1420,2304,3937,4245,4329,4482,4764,4833,5206,4916,3982,3986,4152,4228,4235,4204,4189,4176,4170,4140,4063,4043,3986,3941,3895,3843,3811,3830,3811,3755,3652,3526,3498,3567,3677,3691,3689,3730,3292,3120,4642,4789,4148,3823,3266,3422,4576,4698,4225,3553,3356,4164,5299,6033,6001,5982
4560,4522,4491,4314,4257,4303,4395,4400,4403,4391,4410,4431,4457,4489,4520,4510,4419,4478,4777,4891,4770,4618,4553,4611,4654,4762,4700,4348,4199,4246,4352,4311,4450,4837,5098,5232,5288,5331,5349,5350,5361,5138,4418,4099,3728,3464,3666,4179,4389,4032,3697,3414,3649,5031,5491,5725,5760,5757,5765,5775,5702,5396,4978,3797,1642,1959,3939,4156,4304,4381,4522,5001,4965,4840,4730,4355,4347,4340,4297,4234,4201,4189,4176,4147,4088,4029,4009,3972,3903,3818,3761,3729,3725,3736,3673,3565,3488,3472,3497,3609,3776,3553,3434,3241,3026,4427,4584,3764,3514,3082,3206,4526,4635,4179,3561,3546,4633,5787,6008,5994,6009
4404,4556,4339,4152,4188,4311,4360,4371,4396,4400,4408,4432,4454,4494,4542,4615,4519,4410,4545,4735,4682,4599,4547,4587,4653,4773,4737,4517,4365,4292,4269,4223,4352,4804,5143,5252,5309,5366,5381,5358,5325,5211,4819,4488,3813,3417,3456,3581,3902,4203,3944,3339,3402,4757,5450,5722,5805,5799,5813,5819,5803,5533,5073,3889,2196,3648,4028,4287,4632,4816,4881,4983,4845,4772,4773,4698,4645,4353,4242,4209,4177,4168,4176,4147,4058,3968,3961,3925,3831,3774,3703,3639,3650,3634,3583,3500,3440,3423,3436,3486,3523,3445,3241,2951,2874,4589,4965,4165,3777,3220,3234,4802,4560,3936,3536,3648,4513,5644,5954,5971,5967
4104,4192,4061,4030,4121,4256,4335,4343,4374,4415,4410,4434,4472,4476,4488,4605,4639,4461,4458,4534,4569,4563,4557,4586,4702,4781,4600,4397,4328,4333,4181,3985,4079,4728,5235,5334,5374,5429,5434,5406,5353,5284,5084,4744,4259,3628,3497,3025,3065,4206,4524,3900,3451,4460,5447,5700,5815,5812,5813,5841,5848,5720,5398,4406,3832,4036,3919,4182,4585,4845,4961,4912,4854,4748,4797,4665,4519,4303,4247,4200,4180,4183,4195,4131,4043,3938,3898,3841,3765,3714,3683,3637,3578,3528,3471,3453,3414,3313,3305,3245,3211,3367,3172,2677,2757,5174,5256,4516,3856,3290,3359,5133,4466,3456,3578,4050,5296,5742,5875,5942,5934
3899,3945,3947,4051,4123,4207,4302,4320,4342,4407,4441,4465,4490,4491,4465,4486,4609,4575,4429,4399,4464,4533,4564,4613,4752,4702,4447,4237,4112,4149,4122,3901,3966,4474,5165,5348,5429,5487,5467,5416,5400,5298,5130,4858,4657,4074,3632,2957,2803,3656,4943,4516,3654,4878,5510,5692,5796,5825,5827,5857,5896,5838,5586,4876,5139,5038,4073,4116,4334,4559,4770,4844,4851,4826,4660,4534,4425,4313,4242,4228,4210,4200,4152,4108,4010,3933,3849,3803,3727,3644,3621,3654,3581,3480,3367,3282,3255,3224,3143,2914,3112,3328,2894,2753,3838,5513,5246,4554,3986,3388,3541,4299,4029,3827,4254,5591,5855,5851,5882,5916,5916
3927,3956,3994,4109,4158,4185,4289,4337,4383,4424,4457,4485,4507,4535,4520,4466,4507,4578,4499,4388,4354,4463,4547,4608,4710,4571,4392,4316,4111,4069,4083,3868,3949,4431,5114,5415,5481,5516,5526,5460,5406,5346,5210,4982,4825,4728,4262,3110,2870,3653,5341,5312,4453,5236,5559,5682,5761,5797,5823,5871,5896,5886,5664,5390,5481,5128,4289,4270,4330,4497,4701,4758,4772,4742,4630,4490,4401,4341,4305,4273,4228,4205,4163,4102,4033,3913,3839,3793,3762,3662,3560,3618,3659,3565,3383,3183,2979,3006,2946,2511,2913,3354,2969,3311,5022,5551,4943,4292,3931,3389,3294,3600,4055,4965,5906,5938,5915,5936,5922,5899,5905
3847,3893,3987,4081,4085,4086,4187,4316,4397,4454,4456,4444,4501,4567,4580,4556,4476,4494,4516,4344,4288,4399,4495,4608,4618,4451,4310,4426,4252,4055,4012,3849,3908,4740,5283,5433,5469,5508,5542,5507,5431,5396,5296,5050,4769,4566,4535,3298,3029,4341,5587,5570,5193,5418,5611,5707,5734,5755,5788,5844,5892,5891,5747,5600,5602,5483,4700,4479,4548,4617,4685,4722,4709,4680,4610,4499,4421,4388,4349,4289,4226,4197,4144,4074,4006,3893,3824,3798,3778,3717,3585,3510,3509,3711,4158,4054,3368,3150,2863,2465,2880,3171,3018,3540,4494,5034,4518,3493,3313,3491,3370,3524,4254,5376,5980,5977,5974,5971,5942,5902,5898
3623,3703,3753,3847,3914,3928,4106,4262,4363,4439,4437,4378,4440,4562,4589,4608,4517,4458,4445,4297,4232,4309,4506,4593,4589,4459,4204,4375,4571,4310,4126,3928,3942,4678,5143,5237,5425,5512,5547,5535,5473,5400,5332,5131,4848,4716,4680,4102,4050,5243,5646,5680,5610,5578,5650,5683,5690,5704,5740,5809,5883,5874,5763,5623,5551,5466,5268,4822,4697,4701,4702,4712,4686,4625,4553,4542,4502,4412,4325,4269,4223,4157,4117,4068,3959,3882,3811,3764,3736,3741,3653,3512,3368,3347,3996,5090,5384,5613,4450,5245,5053,3870,3412,3457,3690,3749,3549,2879,3117,4238,5376,5664,5380,5555,5882,5959,5974,5948,5941,5905,5891
3507,3561,3549,3589,3705,3816,4022,4227,4336,4370,4389,4341,4374,4507,4603,4625,4602,4450,4362,4312,4252,4267,4463,4555,4582,4542,4327,4383,4850,5154,4811,4096,3823,4031,4801,5092,5316,5514,5564,5545,5495,5421,5354,5239,5005,4831,4477,4207,4736,5650,5637,5669,5645,5611,5621,5621,5642,5681,5700,5738,5805,5810,5740,5602,5498,5469,5373,5251,4899,4809,4736,4703,4692,4645,4583,4563,4536,4386,4295,4233,4210,4143,4088,4031,3943,3871,3786,3699,3603,3636,3774,3540,3348,3190,3092,3714,4699,5049,5066,5164,5292,5194,4273,3700,3471,3369,3547,3220,3460,4991,6006,6015,5989,5941,5906,5937,5950,5933,5943,5911,5899
3452,3500,3522,3549,3725,3878,4061,4244,4334,4347,4386,4364,4368,4508,4590,4620,4617,4497,4366,4339,4255,4301,4462,4509,4572,4606,4483,4557,4929,5273,5236,4476,3932,3947,4630,5143,5369,5497,5536,5536,5504,5453,5378,5286,5077,4727,4227,4233,4656,5555,5601,5595,5586,5559,5544,5530,5595,5663,5687,5724,5768,5782,5776,5611,5521,5467,5198,5053,4998,4909,4818,4748,4714,4684,4595,4558,4497,4360,4256,4191,4167,4088,4048,4009,3936,3865,3748,3679,3594,3581,3591,3625,3795,3564,3255,3472,3541,3615,3636,3583,4474,4418,3753,3857,3546,3499,4483,5705,5367,5252,5966,6003,5996,5971,5942,5933,5938,5929,5930,5902,5878
3527,3757,3772,3707,3849,3978,4131,4246,4311,4373,4380,4400,4427,4498,4544,4569,4577,4598,4424,4304,4281,4320,4420,4533,4628,4671,4632,4699,4902,5235,5227,5091,4778,4600,5062,5327,5441,5473,5531,5510,5451,5397,5316,5256,5174,4952,4262,4193,4435,4709,5322,5434,5452,5419,5419,5456,5509,5633,5694,5715,5749,5771,5802,5738,5647,5502,4957,4753,4764,4834,4861,4847,4788,4712,4656,4578,4459,4339,4244,4177,4147,4069,4038,4003,3918,3847,3711,3657,3623,3562,3428,3607,4412,4582,5004,5448,4949,4464,3748,3541,4259,3332,2808,3360,3811,4356,5430,6001,5996,5837,5951,5981,5986,5986,5968,5950,5943,5936,5931,5923,5883
3768,4083,4201,4088,4142,4149,4227,4280,4325,4374,4428,4414,4446,4494,4529,4533,4490,4524,4454,4329,4333,4356,4423,4534,4732,4804,4736,4785,4825,5033,5158,5186,5152,5118,5308,5387,5443,5427,5472,5475,5325,5212,5218,5237,5199,5109,5021,4798,4739,4343,4333,4673,5185,5261,5327,5412,5494,5586,5673,5730,5769,5786,5798,5800,5782,5596,4853,4677,4689,4756,4811,4865,4830,4756,4664,4542,4418,4305,4209,4120,4102,4067,4024,3984,3920,3854,3735,3638,3620,3588,3461,3544,3875,3827,3963,4748,4944,5166,5002,5472,4920,3799,3254,3761,4750,5888,5998,5991,5993,5977,5963,5971,5979,5980,5974,5956,5950,5941,5933,5930,5909
4410,4097,4140,4259,4239,4222,4291,4349,4376,4390,4424,4356,4363,4428,4485,4497,4416,4420,4442,4404,4410,4432,4440,4506,4732,4895,4904,4912,4842,4925,5037,5052,5122,5242,5368,5405,5489,5400,5307,5307,5213,5169,5268,5259,5220,5193,5149,5339,5350,4392,4061,4531,5095,5247,5336,5430,5500,5587,5696,5768,5795,5808,5825,5831,5791,5512,4782,4661,4676,4741,4817,4835,4863,4762,4593,4501,4397,4262,4169,4082,4017,4042,4022,4007,3969,3919,3952,3761,3641,3581,3582,3724,3751,3533,3066,2961,3684,4767,5255,5574,5544,4812,4750,4463,4662,5752,5998,5997,5991,5982,5975,5969,5977,5979,5965,5954,5954,5949,5939,5935,5917
4995,4434,4203,4204,4275,4274,4330,4389,4395,4402,4389,4330,4290,4360,4484,4450,4391,4431,4462,4506,4536,4514,4542,4569,4670,4820,4992,5094,5007,4851,4851,5011,5183,5353,5454,5474,5480,5476,5379,5244,5233,5311,5379,5319,5282,5258,5221,5239,5366,4456,4342,5051,5285,5373,5426,5466,5481,5570,5670,5716,5780,5814,5844,5850,5775,5508,4763,4667,4728,4811,4883,4906,4859,4680,4538,4458,4364,4231,4150,4089,4002,4043,4060,3988,3908,3894,4015,3907,3677,3665,3809,3856,3861,3707,3085,2710,3519,4619,4737,5150,5448,4990,4627,4247,4968,5881,5990,5990,5983,5969,5970,5967,5963,5969,5966,5955,5951,5954,5944,5936,5926
4940,4658,4471,4468,4541,4461,4445,4403,4392,4360,4323,4290,4313,4413,4495,4428,4381,4387,4475,4624,4731,4598,4584,4652,4691,4698,4806,5028,5116,5027,4922,5036,5360,5499,5557,5600,5613,5725,5683,5452,5412,5546,5558,5426,5330,5295,5286,5263,5311,4602,4506,5113,5378,5495,5454,5466,5498,5548,5618,5675,5729,5786,5819,5818,5771,5579,4800,4712,4850,4932,4967,4953,4804,4652,4528,4417,4311,4213,4154,4074,4004,3982,3955,4006,4004,3943,4008,4019,3904,4072,4319,4040,4053,4044,3668,3442,3662,3958,4220,4602,4923,4730,4404,4050,4607,5818,5985,5987,5973,5957,5965,5968,5953,5954,5961,5960,5954,5957,5942,5940,5932
4702,4627,4702,4803,4637,4555,4509,4455,4391,4367,4317,4327,4400,4478,4526,4419,4372,4377,4484,4789,4919,4691,4598,4806,4809,4716,4708,4918,5241,5432,5036,5058,5495,5608,5642,5670,5729,5902,5783,5631,5720,5672,5606,5562,5442,5348,5297,5268,5281,4574,4436,4883,5361,5442,5405,5454,5508,5554,5595,5646,5687,5749,5777,5767,5720,5501,4831,4763,4868,4977,5013,4959,4815,4690,4571,4446,4365,4253,4182,4118,4010,3954,3916,4123,4356,4244,4268,4306,4352,4528,4654,4340,4328,4660,4320,4787,4203,3605,4132,4233,4370,4267,4194,3867,4028,5610,5991,5987,5971,5951,5964,5967,5952,5954,5957,5963,5956,5950,5944,5936,5929
