1820,1673,1723,1297,1242,1135,1043,995,1007,1007,1034,1019,1071,1036,1049,1078,1103,1112,1208,1229,1307,1358,1344,1289,1377,1284,1223,1123,1041,978,946,972,966,1032,1088,1193,1215,1264,1293,1290,1317,1397,1493,1609,1574,1559,1570,1539,1561,1570,1597,1626,1661,1698,1838,1789,1821,1826,1791,1754,1738,1743,1742,1741,1726,1699,1656,1535,1628,1471,1290,1347,1303,1254,1074,1116,851,695,623,590,574,555,540,482,469,444,416,377,367,367,347,315,311,307,334,472,578,743,986,1270,1466,1519,1773,1989,2112,2099,1997,1964,1940,1908,1931,1992,2210,1877,1660,1623,1519,1450,1360,1295,1228
1688,1595,1501,1417,1236,1132,1058,1010,1014,1014,1003,1017,1013,1057,1042,1064,1084,1089,1115,1165,1198,1253,1254,1262,1256,1246,1292,1158,1065,1057,999,1018,1049,1135,1177,1207,1279,1295,1281,1338,1414,1522,1554,1592,1577,1584,1606,1574,1617,1596,1608,1630,1665,1865,1854,1822,1824,1813,1758,1742,1731,1782,1725,1728,1780,1623,1672,1658,1619,1416,1456,1395,1329,1273,1049,873,763,679,610,570,547,552,524,478,453,428,408,379,369,355,334,313,310,310,357,447,534,789,1070,1212,1392,1455,1810,2076,1907,2037,2059,2034,1981,1931,1907,1939,2029,2212,1918,1882,1706,1558,1474,1399,1385
1813,1701,1497,1237,1258,1135,1073,1017,1005,1014,1012,1017,1022,1029,1035,1064,1074,1073,1074,1122,1208,1260,1299,1297,1293,1210,1195,1184,1086,1094,1235,1204,1169,1213,1267,1248,1316,1351,1367,1397,1519,1575,1557,1583,1630,1652,1642,1632,1692,1698,1648,1672,1731,1912,1974,1917,1887,1852,1760,1732,1723,1760,1699,1825,1862,1767,1673,1653,1495,1506,1412,1327,1205,1162,1084,940,736,663,606,563,557,515,504,468,451,433,409,385,372,362,328,309,308,308,360,452,576,799,998,1261,1394,1431,1666,1878,2119,2158,2228,2260,2096,2165,2034,1990,2177,2111,2247,2023,1850,1863,1700,1583,1492
1609,1457,1312,1218,1169,1142,1057,1016,1001,1015,1010,1017,1029,1039,1043,1052,1065,1075,1116,1215,1318,1364,1406,1248,1274,1227,1234,1187,1134,1116,1109,1208,1247,1165,1292,1343,1350,1421,1374,1473,1541,1548,1585,1596,1622,1632,1663,1682,1678,1667,1691,1718,1806,2023,2157,1960,1915,1807,1772,1743,1727,1736,1745,1791,1933,1676,1600,1636,1447,1274,1300,1273,1215,1080,956,847,734,672,614,578,548,518,492,472,447,421,402,379,361,345,321,310,310,305,352,514,587,753,931,1091,1234,1421,1598,1643,1663,1915,1828,1873,1915,2043,2025,1941,1979,2077,2347,2427,2247,2185,1944,1767,1513
1557,1405,1245,1189,1122,1068,1029,1009,1003,1010,1020,1032,1038,1060,1064,1066,1077,1126,1227,1383,1340,1528,1507,1298,1340,1323,1319,1218,1151,1101,1075,1112,1207,1285,1284,1418,1440,1510,1517,1546,1569,1594,1635,1647,1700,1732,1727,1758,1737,1742,1744,1846,1909,2061,2053,1998,1887,1833,1787,1743,1725,1727,1735,1846,1842,1796,1854,1829,1611,1458,1279,1130,1041,1072,895,828,725,671,632,598,563,532,504,478,454,421,386,364,347,331,313,306,307,304,455,527,584,759,762,860,1127,1375,1432,1310,1395,1558,1653,1674,1828,1843,1910,1993,2122,2124,2293,2259,1963,1904,1758,1527,1383
1574,1271,1189,1140,1084,1018,1019,1020,1019,1023,1024,1050,1062,1074,1097,1121,1120,1233,1292,1259,1276,1345,1265,1259,1253,1219,1210,1166,1106,1081,1097,1130,1226,1278,1265,1408,1479,1430,1570,1541,1551,1584,1698,1707,1735,1895,1857,1863,1771,1807,1785,1819,1839,1958,2034,2117,1973,1853,1770,1740,1722,1736,1764,1945,1888,1910,1909,1636,1565,1396,1193,1080,965,905,875,793,749,699,648,595,563,532,507,487,448,405,371,348,333,323,312,307,309,309,432,532,572,628,714,858,1078,1281,1465,1679,1788,2023,1985,2069,1999,1997,2180,2251,2360,2369,2444,2202,1860,1614,1535,1641,1576
1495,1295,1226,1158,1077,1041,1036,1012,1022,1009,1028,1076,1107,1114,1122,1162,1245,1307,1286,1274,1269,1393,1388,1340,1325,1423,1277,1146,1094,1091,1106,1128,1219,1308,1300,1436,1454,1474,1635,1604,1634,1601,1608,1728,1753,1920,1976,1866,1850,1902,1829,1825,1862,1894,1952,2055,1966,1845,1783,1737,1723,1759,1826,1891,2001,1983,1945,1650,1451,1439,1254,1115,1005,936,863,794,735,684,642,604,560,524,497,469,421,399,367,346,322,312,313,309,312,319,353,387,485,572,671,779,1106,1299,1530,1542,1738,1933,2326,2438,2433,2141,2136,2271,2412,2676,2587,2322,2006,1716,1460,1337,1349
1436,1257,1193,1142,1096,1034,1026,1019,1015,1015,1054,1105,1089,1160,1162,1193,1250,1302,1387,1347,1331,1334,1354,1350,1367,1427,1373,1247,1165,1107,1120,1192,1270,1267,1325,1452,1505,1510,1528,1703,1647,1644,1644,1674,1773,1793,1849,1860,1856,1840,1804,1810,1835,1859,1880,1922,1932,1886,1797,1733,1742,1813,1929,2103,2203,2153,1955,1895,1803,1518,1467,1134,1056,904,833,780,731,669,613,577,541,517,487,447,415,385,359,338,323,309,306,310,307,314,341,385,437,536,674,823,1166,1350,1492,1625,1873,2089,2103,1938,2085,1965,1997,2101,2284,2599,2294,2086,1828,1613,1612,1566,1484
1414,1203,1177,1122,1066,1042,1036,1015,1027,1044,1078,1127,1169,1171,1221,1201,1276,1348,1506,1404,1438,1450,1464,1520,1472,1531,1476,1486,1317,1142,1183,1249,1313,1327,1349,1381,1502,1541,1594,1720,1681,1674,1710,1794,1754,1675,1726,1808,1827,1801,1810,1824,1883,2043,1922,1879,1897,1818,1737,1740,1793,1986,2173,2333,2356,2246,2183,1928,1784,1624,1363,1087,1002,898,817,745,687,643,596,550,519,491,462,433,407,371,343,324,317,309,306,308,308,309,340,382,454,600,593,775,1061,1221,1240,1479,1782,1657,1813,1906,1788,2072,2033,2195,2425,2669,2279,2060,1765,1502,1403,1364,1627
1396,1218,1187,1123,1078,1045,1030,1029,1058,1072,1119,1154,1283,1298,1225,1240,1310,1397,1456,1556,1558,1506,1504,1489,1477,1470,1455,1353,1224,1193,1189,1218,1310,1344,1392,1447,1520,1599,1623,1713,1735,1721,1764,1730,1790,1735,1727,1731,1767,1884,1762,1803,1880,2014,1945,1868,1848,1735,1736,1776,1832,2048,2337,2433,2318,1934,1807,1873,1684,1522,1259,1100,961,874,798,741,676,634,586,545,504,474,441,414,387,354,332,318,308,309,303,304,303,311,322,342,431,726,897,990,1013,1107,1174,1388,1459,1630,1800,1746,1873,1938,2049,2128,2430,2549,2176,2045,1829,1595,1485,1325,1209
1364,1268,1216,1156,1069,1039,1033,1035,1080,1131,1206,1203,1359,1346,1301,1289,1333,1405,1446,1568,1607,1526,1588,1505,1558,1567,1741,1445,1276,1239,1247,1269,1353,1415,1457,1511,1527,1586,1726,1758,1751,1802,1811,1769,1794,1823,1805,1782,1746,1730,1732,1757,1798,1848,1842,1766,1797,1709,1760,1824,1895,2089,2509,2458,2246,2153,1750,1651,1588,1441,1161,1030,931,866,802,736,686,624,580,521,481,452,423,393,364,337,328,318,308,305,309,307,307,316,331,351,478,715,1055,1271,1407,1454,1388,1570,1946,1909,1965,1986,2133,2255,2330,2320,2530,2395,2051,1798,1669,1615,1532,1358,1112
1403,1254,1213,1140,1086,1058,1047,1066,1087,1133,1263,1302,1581,1595,1371,1371,1339,1508,1510,1521,1530,1540,1473,1476,1512,1519,1753,1555,1315,1287,1277,1342,1417,1463,1490,1528,1548,1636,1686,1767,1802,1818,1841,1793,1775,1820,1862,1792,1754,1725,1750,1746,1756,1795,1811,1758,1679,1700,1762,1843,1958,2139,2313,2204,1953,1741,1553,1392,1349,1169,1196,1134,1026,856,769,717,661,612,566,519,477,440,402,379,353,330,320,316,311,306,306,309,315,326,359,390,488,896,1045,1269,1509,1767,1652,1772,1931,2025,2282,2294,2200,2574,2899,2606,2648,2374,2130,1862,1518,1363,1313,1209,1505
1370,1258,1217,1161,1123,1042,1063,1095,1120,1317,1413,1394,1525,1595,1465,1561,1513,1422,1497,1504,1507,1565,1496,1632,1554,1542,1640,1648,1411,1409,1375,1422,1489,1516,1555,1564,1609,1640,1702,1769,1826,1886,1845,1804,1806,1856,1876,1791,1747,1742,1740,1703,1742,1728,1794,1712,1649,1709,1781,1857,2168,2398,2525,2263,2180,1911,1703,1473,1632,1459,1196,1168,997,859,747,678,630,581,541,499,459,419,379,358,342,329,318,309,305,305,306,302,309,334,373,447,540,814,1048,1350,1510,1498,1662,1784,1995,2373,2381,2452,2532,2410,2667,2711,2254,2015,1791,1659,1686,1716,1565,1547,1584
1380,1312,1253,1186,1145,1097,1197,1107,1232,1340,1501,1553,1587,1744,1558,1621,1604,1478,1522,1564,1536,1540,1508,1510,1535,1587,1730,1736,1598,1420,1476,1548,1640,1734,1675,1701,1694,1771,1769,1780,1866,1856,1843,1794,1801,1803,1836,1786,1704,1681,1650,1662,1652,1714,1732,1662,1632,1693,1774,2068,2125,2307,2386,2100,2072,1922,1778,1618,1718,1402,1218,1029,1045,813,705,633,593,550,508,478,440,397,373,346,332,323,316,310,306,305,305,304,300,309,357,441,720,761,717,992,1159,1272,1528,1479,1833,1946,1979,1978,2226,2401,2497,2448,2534,2188,2078,1973,1969,1677,1424,1396,1227
1384,1322,1235,1185,1153,1073,1173,1367,1480,1532,1538,1472,1600,1756,1658,1605,1684,1557,1616,1628,1597,1512,1513,1516,1548,1613,1757,1876,1567,1494,1601,1705,1750,1765,1719,1848,1819,1841,1752,1813,1934,1862,1834,1805,1789,1791,1801,1745,1777,1640,1589,1560,1587,1642,1646,1566,1599,1675,1817,2214,2364,2582,2367,2266,2000,1833,1833,1748,1539,1355,1250,1105,1036,867,633,588,564,520,490,459,421,396,360,345,333,321,312,315,314,305,306,305,296,293,294,552,864,927,1073,1007,1152,1257,1365,1371,1494,1608,1731,1806,1873,2022,2086,2311,2727,2560,2309,2042,1983,1780,1717,1514,1295
1353,1294,1250,1219,1171,1123,1214,1263,1386,1554,1717,1481,1553,1831,1734,1570,1559,1643,1588,1593,1534,1531,1536,1545,1571,1662,1824,1843,1651,1550,1757,1800,1990,1814,1915,1977,1884,1841,1908,1953,1899,1837,1814,1798,1782,1776,1767,1796,1781,1651,1576,1532,1501,1500,1498,1514,1555,1688,2064,2192,2498,2532,2372,2277,1917,1709,1593,1438,1326,1199,1154,1202,1051,805,560,534,515,490,464,440,417,384,366,349,338,327,314,311,312,310,303,299,299,298,297,555,833,1005,1144,1392,1394,1697,1682,2013,2054,1962,2049,2268,2020,2229,2174,2550,2728,2306,1932,1955,1699,1571,1600,1339,1089
1367,1310,1260,1218,1177,1167,1070,1183,1297,1432,1676,1513,1551,1741,1596,1667,1549,1608,1602,1557,1571,1568,1588,1611,1680,1758,1788,1721,1635,1733,1819,1885,2000,1903,1980,1946,1967,1899,1908,1964,1862,1864,1813,1799,1782,1770,1760,1780,1745,1611,1551,1513,1492,1470,1463,1475,1529,1589,1774,2135,2182,2129,2349,2157,2011,1839,1669,1631,1483,1368,1257,991,945,677,575,507,487,469,466,422,404,384,370,355,339,333,326,319,315,310,311,309,302,307,320,395,652,765,940,1293,1461,1825,1949,2231,2370,2218,2200,2370,2239,2429,2297,2723,2625,2173,1944,1539,1382,1451,1390,1211,1091
1387,1323,1264,1218,1191,1162,1135,1203,1276,1329,1556,1502,1566,1646,1613,1578,1524,1602,1662,1652,1618,1623,1664,1667,1788,1877,1838,1774,1742,1804,1844,1926,1912,1935,2093,2063,1973,2023,1971,1929,1884,1849,1836,1788,1775,1767,1754,1726,1685,1587,1524,1493,1461,1446,1425,1443,1474,1529,1616,1802,1839,2025,2207,2234,1988,1730,1726,1532,1329,1353,1240,1080,996,613,538,508,494,539,466,425,400,380,367,352,342,334,333,329,323,319,318,312,312,315,324,376,569,730,1089,1346,1618,1993,2138,2342,2568,2572,2613,2708,2623,2735,2737,2782,2374,2115,1775,1526,1378,1447,1426,1379,1393
1359,1305,1258,1219,1191,1170,1136,1200,1247,1295,1503,1575,1444,1598,1531,1566,1517,1575,1713,1730,1716,1767,1841,1837,1935,1944,1821,1801,1812,1816,1941,1982,2075,2139,2048,2173,2052,2066,1988,1956,1883,1839,1876,1799,1772,1768,1763,1700,1637,1556,1480,1454,1455,1414,1397,1420,1469,1536,1587,1706,2005,2144,2272,2240,2065,1815,1601,1497,1391,1069,1227,1071,791,599,571,539,547,520,480,445,409,390,371,356,349,343,339,339,339,331,325,332,342,345,361,400,564,762,1169,1449,1625,1753,1709,2098,2222,2193,2231,2236,2491,2699,3075,2959,2619,2243,1869,1741,1832,1567,1851,1644,1427
1360,1262,1225,1205,1165,1168,1137,1137,1233,1285,1408,1729,1401,1463,1470,1591,1696,1602,1709,1714,1708,1783,1891,2019,2038,2084,2054,1834,1891,1905,1960,1980,2070,2179,2113,2222,2185,2073,2099,2036,1903,1837,1809,1771,1765,1773,1850,1711,1603,1610,1648,1548,1427,1401,1382,1406,1440,1487,1564,1701,1879,2144,2515,2253,1905,1678,1529,1268,1393,1106,874,928,683,645,602,569,554,526,486,449,426,403,384,368,362,359,352,356,366,367,372,374,390,406,411,441,675,912,1030,1226,1384,1536,1562,1699,1785,1890,2076,2262,2429,2653,3032,2623,2222,1990,2026,2203,2029,2103,1937,1519,1261
1349,1275,1220,1192,1181,1141,1145,1203,1179,1293,1383,1580,1376,1408,1442,1485,1450,1515,1579,1668,1801,1828,1972,2063,2164,2107,2033,1903,1960,1983,2051,2089,2163,2235,2217,2231,2185,2188,2157,1997,1899,1850,1789,1741,1770,1801,1736,1735,1728,1696,1596,1602,1592,1367,1364,1371,1396,1427,1529,1662,1925,2289,2447,2074,1864,1599,1520,1344,1253,1190,955,767,714,663,627,620,574,528,500,463,426,415,397,382,375,380,379,380,399,413,428,441,457,475,471,557,701,920,1151,1457,1497,1835,1797,1812,1885,1943,2081,2500,2883,3053,3111,2851,2571,2288,2401,1932,1886,1700,1940,1468,1250
1326,1242,1220,1202,1149,1137,1178,1166,1222,1273,1417,1515,1363,1370,1401,1395,1421,1470,1590,1738,1780,1760,1911,1984,2044,2063,2035,2072,2089,2124,2174,2166,2205,2243,2330,2248,2191,2110,2089,1971,1887,1822,1781,1754,1681,1725,1716,1685,1713,1741,1718,1489,1441,1356,1338,1346,1358,1402,1510,1675,1936,2304,2072,1927,1643,1451,1347,1114,1159,918,853,779,732,683,640,620,575,528,499,471,444,429,407,402,404,409,412,417,453,470,489,497,525,565,569,838,900,1025,1232,1489,1675,1936,1937,2246,2285,2303,2469,2609,2799,3175,2968,2606,2547,2064,1954,1687,1508,1370,1568,1539,1540
1318,1267,1218,1198,1182,1141,1147,1168,1235,1262,1354,1539,1380,1362,1379,1415,1429,1480,1556,1716,1767,1872,2001,2070,2131,2111,2088,2103,2105,2125,2124,2222,2258,2261,2313,2250,2223,2254,2049,1975,1892,1845,1852,1801,1707,1624,1565,1576,1628,1646,1567,1477,1371,1347,1332,1322,1325,1395,1518,1733,2042,2285,1909,1722,1636,1404,1216,1251,1062,915,853,802,751,693,660,629,583,544,508,484,456,436,422,429,446,458,455,469,489,510,539,560,593,626,695,987,1183,1236,1327,1482,1575,1884,1996,2221,1997,2078,2152,2354,2570,2694,3027,2601,2309,2062,1843,1704,1326,1251,1237,1114,1107
1356,1286,1222,1188,1159,1143,1251,1218,1213,1267,1420,1533,1448,1363,1381,1406,1442,1510,1662,1661,1788,1999,2115,2069,2089,2127,2110,2101,2116,2138,2175,2253,2294,2310,2333,2241,2193,2067,2018,1957,1864,1831,1758,1787,1724,1680,1607,1535,1548,1489,1450,1397,1356,1337,1320,1293,1309,1414,1544,1754,1993,2096,1902,1830,1600,1308,1238,1180,1124,955,827,765,733,692,652,623,585,542,511,489,478,453,443,462,468,483,489,518,533,570,608,606,674,696,721,919,913,983,1073,1181,1478,1541,1692,1738,1778,1935,2008,2205,2366,2703,2829,2344,2192,1935,1755,1710,1560,1470,1324,1246,882
1328,1275,1209,1194,1145,1142,1246,1218,1269,1263,1299,1372,1353,1335,1364,1395,1431,1633,1804,1750,1744,1894,1906,2019,2082,2200,2182,2066,2125,2103,2159,2225,2330,2340,2480,2291,2132,2016,1919,1878,1840,1796,1838,1746,1640,1606,1574,1518,1466,1478,1415,1394,1360,1327,1307,1278,1319,1411,1561,1759,2000,2106,1872,1715,1561,1281,1160,1012,955,927,883,744,712,698,644,607,573,533,512,491,473,452,470,488,515,532,550,570,562,617,655,612,748,758,917,1120,1202,1280,1311,1449,1651,1594,1737,1924,2049,2165,2316,2300,2672,2902,2614,2166,2016,1755,1694,1507,1250,1255,1339,1418,1094
1306,1246,1205,1175,1168,1140,1224,1224,1277,1296,1310,1361,1364,1360,1355,1369,1415,1734,1983,1885,2024,2030,2160,2154,2176,2243,2264,2045,2073,2058,2136,2271,2395,2384,2381,2387,2260,2095,1893,1813,1806,1749,1696,1660,1597,1571,1531,1505,1511,1423,1397,1365,1319,1320,1300,1261,1320,1401,1526,1859,1964,2125,1928,1620,1453,1225,1198,1227,1240,935,734,694,667,651,624,590,565,536,513,495,478,475,493,518,527,571,594,581,639,635,616,666,796,821,1018,1176,1266,1514,1637,1738,1910,1902,1880,2054,2099,2273,2375,2419,2731,3014,2610,2331,2279,2149,2083,1748,1522,1477,1269,999,978
1284,1241,1205,1163,1170,1146,1241,1291,1284,1312,1345,1437,1359,1394,1652,1693,1590,1701,2027,2065,2041,2191,2166,2185,2233,2272,2142,2035,2002,2014,2082,2262,2362,2345,2280,2351,2087,1995,1859,1819,1778,1748,1723,1640,1600,1548,1505,1482,1451,1408,1368,1352,1334,1299,1259,1284,1320,1396,1484,1701,1822,2072,1722,1763,1604,1507,1488,1461,1119,893,697,653,665,642,617,579,565,538,514,502,509,489,509,543,563,596,630,644,631,734,664,746,780,982,1113,1089,1133,1359,1366,1525,1558,1608,1710,1893,1921,2028,2228,2407,2629,2887,2956,2814,2564,2353,2097,1934,1647,1404,1184,1489,1314
1249,1216,1157,1164,1148,1179,1250,1298,1275,1372,1393,1534,1376,1478,1633,1716,1695,1975,1993,2011,2125,2134,2168,2184,2296,2173,2090,2024,1959,1987,2019,2125,2200,2149,2189,2222,2050,1906,1849,1795,1769,1732,1675,1622,1591,1543,1515,1472,1441,1405,1367,1342,1318,1293,1283,1217,1285,1365,1536,1687,1832,2093,1981,1753,1649,1494,1368,1286,1172,932,713,665,707,658,630,575,545,530,515,537,498,484,523,555,580,609,658,656,700,682,688,782,903,1152,1309,1482,1609,1447,1470,1627,1716,1772,1931,2093,2186,2221,2146,2249,2405,2643,2837,2583,2385,2041,1895,1681,1490,1509,1727,1835,1605
1207,1163,1135,1149,1122,1195,1237,1265,1305,1401,1385,1511,1499,1568,1601,1657,1736,1929,2112,2030,2224,2185,2224,2241,2281,2271,2225,1995,1943,1994,1971,2032,2067,2172,2207,2109,1968,1846,1797,1778,1755,1726,1635,1643,1610,1512,1501,1468,1422,1386,1358,1324,1300,1282,1244,1236,1265,1341,1565,1816,1811,1856,1933,1698,1547,1256,1171,1060,870,810,762,695,720,676,614,570,534,529,525,560,529,498,543,572,607,646,658,717,719,713,754,837,944,1125,1301,1482,1602,1619,1756,1935,1938,2046,2078,1946,1838,1935,1926,2086,2397,2386,2594,2366,2459,2149,2003,1738,1962,1944,1925,1581,1272
1179,1135,1136,1130,1125,1158,1224,1237,1307,1421,1506,1467,1521,1530,1670,1642,1914,1958,2015,2279,2167,2127,2140,2206,2250,2196,2095,2038,1899,1990,1965,2012,1988,2186,1922,1880,1815,1754,1744,1726,1729,1721,1697,1620,1640,1515,1505,1433,1416,1385,1349,1336,1300,1305,1211,1234,1262,1440,1515,1643,1826,1688,1696,1496,1467,1317,1157,1152,1095,914,722,740,698,642,605,584,548,523,523,559,526,535,571,592,640,683,709,725,736,759,784,843,914,1142,1359,1535,1635,1758,1864,1843,1670,1710,1801,1699,1697,1748,1908,2135,2004,2040,2396,2184,2285,2466,2266,2249,2306,2008,1698,1367,1333
1150,1132,1117,1100,1135,1173,1197,1218,1321,1357,1430,1448,1496,1606,1594,1649,1904,2021,2124,2138,2089,2067,2099,2131,2143,2044,2039,2063,1867,1930,2043,2012,1857,1873,1773,1701,1778,1695,1692,1677,1710,1718,1709,1660,1603,1523,1479,1439,1412,1384,1412,1516,1384,1237,1155,1218,1345,1353,1518,1665,1780,1677,1838,1759,1746,1415,1092,967,902,792,742,752,675,627,587,552,527,515,505,523,524,547,578,618,634,671,713,761,809,824,822,910,910,1055,1239,1331,1479,1629,1758,1584,1502,1507,1520,1563,1603,1640,1720,1772,1858,1934,2020,2188,2352,2426,2010,1784,1775,1779,1525,1354,1359
1142,1119,1110,1120,1133,1174,1213,1249,1313,1327,1339,1425,1475,1552,1636,1722,1813,1909,1986,2105,2029,2068,2043,2069,2103,2109,1972,1880,1871,1734,2061,1934,1805,1744,1674,1636,1650,1649,1643,1725,1728,1743,1731,1649,1671,1575,1465,1437,1413,1403,1449,1531,1516,1195,1155,1155,1275,1292,1461,1541,1771,1725,1616,1734,1654,1483,1152,1128,826,752,753,701,657,607,567,533,519,503,492,504,511,533,555,606,627,680,738,808,873,946,934,1093,1056,1067,1122,1426,1602,1553,1388,1368,1398,1405,1462,1504,1569,1644,1701,1789,2025,2117,2225,2205,2241,2332,2023,1793,1580,1295,1205,1198,1012
1127,1097,1103,1102,1131,1163,1197,1248,1314,1287,1323,1364,1402,1525,1651,1643,1773,1861,1978,2028,1972,2006,2045,2009,2132,2137,2127,1885,1683,1732,1853,1756,1637,1666,1605,1599,1591,1588,1746,1708,1674,1712,1753,1682,1673,1524,1480,1449,1434,1434,1527,1466,1358,1213,1115,1124,1274,1220,1406,1482,1617,1521,1497,1297,1368,1121,1061,986,861,709,683,647,620,588,545,520,498,492,488,492,502,521,545,589,639,711,797,852,943,1088,1206,1254,1264,1128,1291,1166,1358,1265,1348,1321,1352,1403,1454,1529,1657,1813,1911,2182,1947,2332,2400,2427,2389,2449,2146,1990,1851,1627,1689,1497,1154
1114,1092,1095,1108,1125,1166,1211,1227,1291,1249,1286,1329,1418,1488,1570,1635,1595,1833,1937,2043,1953,1987,2008,2015,2111,2131,2001,1706,1658,1644,1613,1595,1576,1580,1539,1552,1539,1638,1789,1745,1729,1741,1772,1698,1614,1538,1494,1454,1475,1562,1491,1461,1269,1211,1155,1089,1156,1221,1267,1381,1556,1549,1373,1192,1193,962,897,830,761,696,751,599,578,541,525,503,483,478,485,487,505,532,557,608,674,763,862,1015,1109,1252,1341,1388,1442,1291,1271,1260,1297,1347,1358,1446,1511,1595,1555,1628,1766,1924,2157,2278,2267,2323,2619,2643,2301,2238,2111,2316,2155,1920,1732,1588,1380
1106,1104,1102,1111,1123,1135,1186,1177,1182,1213,1292,1281,1419,1434,1526,1569,1583,1733,1962,2060,2096,2152,2050,2035,2058,2081,1707,1629,1597,1583,1569,1537,1513,1522,1505,1508,1517,1590,1780,1752,1766,1689,1737,1650,1608,1562,1493,1501,1595,1568,1512,1335,1277,1212,1149,1119,1133,1187,1248,1303,1446,1551,1485,1347,1082,968,933,997,783,647,746,543,552,510,494,490,464,472,486,496,528,556,607,646,725,822,974,1086,1281,1453,1483,1453,1507,1458,1384,1412,1339,1362,1414,1461,1555,1697,1727,1757,1882,2011,2296,2393,2638,2475,2499,2357,2038,1784,1677,2052,2327,2043,1706,1370,1267
1104,1093,1084,1094,1110,1114,1143,1154,1174,1219,1254,1387,1436,1421,1480,1547,1627,1789,1975,1982,1928,2099,2095,1974,2091,1905,1752,1589,1567,1534,1538,1517,1486,1478,1485,1489,1493,1566,1720,1664,1740,1680,1711,1665,1614,1526,1507,1568,1807,1596,1529,1373,1265,1230,1180,1141,1152,1153,1143,1302,1477,1604,1456,1357,1131,903,774,897,785,628,692,502,516,493,478,461,468,476,495,522,560,596,653,709,780,934,1065,1241,1380,1471,1505,1597,1666,1564,1582,1567,1403,1412,1429,1474,1533,1674,1689,1724,1783,1861,1998,2107,2266,2538,2044,2203,1897,1644,1476,1825,1887,1891,1819,1376,1329
1096,1077,1091,1093,1099,1116,1137,1160,1185,1217,1226,1289,1313,1383,1409,1417,1504,1650,1816,1947,1779,1857,1912,1858,1866,1670,1605,1538,1539,1504,1503,1493,1473,1463,1459,1467,1518,1673,1618,1678,1697,1668,1690,1702,1568,1526,1535,1619,1730,1655,1481,1356,1293,1220,1174,1129,1048,1055,1151,1212,1636,1489,1440,1191,1033,837,729,685,675,561,549,511,479,468,465,463,465,480,507,542,591,634,669,707,845,952,1132,1230,1376,1465,1531,1589,1633,1669,1695,1701,1539,1434,1469,1494,1506,1527,1573,1624,1679,1778,1832,1924,2028,2323,1986,1656,1958,1494,1357,1625,1670,1451,1696,1180,879
1091,1070,1068,1079,1091,1091,1100,1119,1191,1219,1249,1274,1239,1407,1435,1448,1554,1603,1695,1861,1719,1700,1718,1851,1648,1560,1564,1504,1487,1479,1471,1463,1453,1450,1453,1478,1605,1655,1595,1620,1607,1618,1637,1659,1629,1553,1529,1642,1717,1656,1483,1419,1287,1219,1129,1172,1097,1142,1066,1130,1430,1194,1172,997,908,800,650,592,577,536,495,474,463,466,461,468,469,483,522,566,608,666,746,809,942,1047,1185,1333,1366,1448,1534,1637,1697,1768,1702,1685,1627,1493,1520,1531,1589,1559,1585,1633,1683,1872,2027,2164,2223,2347,2054,1679,1523,1395,1384,1426,1407,1306,1459,1126,868
1088,1065,1069,1069,1075,1085,1089,1089,1119,1164,1223,1227,1274,1356,1371,1445,1530,1525,1698,1731,1660,1551,1703,1549,1570,1502,1516,1469,1453,1452,1444,1442,1438,1433,1437,1617,1653,1580,1577,1599,1586,1582,1601,1741,1594,1539,1540,1598,1752,1704,1620,1415,1309,1192,1119,1060,1019,965,1007,969,1099,1136,925,897,772,671,575,545,529,494,467,463,462,455,456,462,471,501,531,595,637,683,823,885,936,1065,1242,1344,1441,1572,1677,1659,1714,1764,1878,1734,1639,1590,1534,1561,1595,1643,1704,1746,1780,1995,1910,1954,2087,1988,1990,1658,1426,1365,1210,1138,1253,1178,1209,947,750
1085,1067,1077,1067,1064,1060,1059,1085,1101,1120,1201,1235,1260,1291,1327,1377,1407,1477,1533,1607,1566,1550,1480,1459,1506,1483,1469,1443,1425,1428,1424,1431,1425,1439,1468,1496,1566,1573,1552,1671,1617,1565,1563,1671,1609,1538,1540,1561,1564,1603,1559,1400,1306,1200,1148,1106,1098,969,797,868,994,1116,900,783,692,645,586,497,478,470,466,460,460,461,463,468,496,515,551,609,677,801,888,973,1062,1254,1341,1431,1480,1724,1630,1715,1855,1830,1911,1783,1728,1650,1595,1580,1576,1584,1631,1764,1806,1708,1698,1700,1708,1751,1913,1850,1620,1440,1173,1115,928,860,815,735,960
1085,1068,1071,1065,1070,1072,1074,1081,1096,1100,1117,1177,1231,1260,1276,1320,1330,1376,1478,1498,1481,1468,1421,1434,1439,1464,1435,1416,1403,1398,1411,1415,1417,1435,1464,1479,1495,1498,1558,1648,1616,1610,1542,1599,1623,1527,1574,1604,1560,1520,1514,1444,1312,1218,1165,1164,1121,977,878,696,782,820,757,642,652,583,528,497,474,469,467,463,460,461,472,499,512,543,592,637,841,831,887,976,1142,1380,1468,1449,1527,1695,1754,1813,1907,1973,1930,1834,1779,1734,1670,1620,1625,1611,1596,1623,1621,1625,1667,1789,1780,1802,2159,1910,1627,1334,1301,1337,1177,1243,1042,1206,797
1086,1079,1083,1066,1067,1069,1079,1077,1071,1089,1111,1127,1149,1212,1251,1258,1314,1328,1423,1448,1414,1422,1373,1385,1406,1420,1427,1396,1380,1404,1417,1415,1428,1431,1451,1468,1468,1507,1493,1684,1630,1615,1552,1543,1621,1558,1610,1553,1540,1539,1503,1422,1341,1276,1142,1144,1043,1021,941,878,743,714,639,636,571,544,527,513,485,472,465,471,457,459,483,520,549,581,632,738,784,844,944,1035,1111,1249,1383,1447,1566,1707,1687,1741,1851,1963,1948,1901,1901,1818,1766,1789,1777,1674,1628,1560,1553,1563,1628,1671,1727,1939,2185,1870,1597,1627,1511,1486,1205,1525,1069,841,703
1083,1071,1065,1072,1070,1075,1071,1072,1073,1079,1088,1110,1127,1146,1188,1234,1233,1264,1308,1347,1379,1340,1337,1366,1381,1405,1412,1376,1374,1415,1420,1426,1426,1478,1504,1504,1462,1463,1507,1599,1600,1663,1577,1523,1587,1595,1528,1540,1536,1652,1465,1365,1325,1303,1287,1158,1092,927,956,747,690,648,644,561,551,538,524,508,483,477,471,468,464,466,500,528,579,606,721,754,804,819,886,1045,1083,1198,1363,1449,1602,1871,1870,1872,1915,1984,1972,2005,1906,1949,1958,1876,1841,1712,1562,1516,1531,1527,1599,1614,1670,1835,1921,1847,1822,1916,1812,1490,1517,1594,1328,1029,929
1082,1070,1062,1068,1066,1065,1066,1067,1071,1067,1076,1086,1105,1122,1144,1168,1201,1233,1255,1291,1279,1286,1333,1427,1370,1397,1385,1362,1415,1423,1436,1446,1459,1461,1592,1651,1546,1477,1588,1664,1651,1619,1560,1531,1495,1464,1476,1491,1517,1715,1435,1360,1175,1130,1078,1115,1092,1029,969,840,779,681,808,576,523,523,513,497,487,480,476,466,460,468,500,534,580,632,681,731,800,856,923,1079,1166,1145,1358,1415,1409,1790,1937,1779,1930,2060,2089,2060,2043,1930,1979,1861,1788,1643,1557,1533,1507,1507,1530,1551,1662,1769,1749,1712,1791,1852,1866,1662,1771,1282,1245,1131,960
1085,1067,1056,1070,1070,1068,1060,1063,1067,1074,1073,1070,1075,1098,1109,1135,1159,1197,1228,1231,1227,1325,1384,1362,1340,1337,1354,1403,1458,1432,1475,1513,1534,1513,1651,1592,1568,1487,1591,1551,1567,1631,1571,1472,1467,1475,1460,1557,1550,1611,1403,1324,1350,1391,1335,1176,970,825,817,688,624,596,578,498,504,505,502,495,488,479,477,465,454,464,493,530,551,595,702,859,849,1004,1040,1010,1174,1469,1331,1420,1543,1626,1791,1820,1975,2153,2132,2100,2082,1960,1907,1792,1707,1645,1578,1496,1491,1496,1497,1518,1553,1573,1585,1591,1613,1682,1699,1240,1488,1285,1051,733,757
1083,1062,1063,1061,1068,1067,1067,1063,1061,1066,1065,1054,1067,1074,1109,1109,1128,1158,1193,1177,1188,1247,1337,1271,1307,1354,1388,1427,1502,1514,1566,1640,1663,1664,1795,1689,1640,1552,1538,1544,1581,1574,1544,1488,1464,1456,1480,1477,1513,1423,1352,1350,1343,1425,1395,1398,1344,1071,830,856,647,546,528,510,497,488,489,482,475,468,468,462,471,469,486,520,555,613,689,781,878,945,1233,1200,1133,1461,1433,1453,1689,1981,1805,1863,2008,2226,2101,2057,1892,1901,1877,1813,1726,1584,1527,1483,1481,1508,1525,1648,1666,1642,1581,1583,1605,1578,1511,1137,1185,1152,1066,911,768
1084,1060,1056,1059,1057,1053,1060,1068,1068,1065,1057,1066,1069,1067,1089,1108,1126,1135,1154,1169,1272,1294,1305,1346,1323,1385,1417,1451,1579,1651,1711,1832,1885,1794,1912,1818,1702,1620,1566,1552,1582,1514,1505,1514,1469,1449,1473,1469,1468,1386,1372,1343,1376,1415,1418,1444,1334,1139,1045,786,598,497,502,493,482,486,481,476,470,466,462,450,453,466,491,516,547,588,724,995,999,946,1177,1320,1249,1485,1430,1491,1646,1802,1982,2123,2190,2276,2102,2041,1932,1745,1726,1720,1627,1534,1483,1492,1490,1562,1592,1627,1727,1546,1532,1508,1301,1358,1381,1057,942,823,876,992,692
1088,1056,1056,1056,1065,1069,1058,1056,1061,1064,1066,1062,1066,1069,1086,1096,1115,1129,1150,1189,1220,1301,1247,1274,1356,1397,1437,1510,1541,1615,1783,1977,1988,2077,1970,1769,1698,1626,1590,1559,1544,1562,1537,1516,1498,1528,1491,1500,1402,1386,1376,1361,1413,1428,1433,1313,1049,848,819,744,592,504,480,486,485,488,483,472,465,466,458,480,564,464,489,510,607,646,1035,1239,1186,1158,1215,1357,1492,1730,1447,1540,1693,1822,2101,2105,2106,2201,1979,1997,1788,1691,1575,1657,1554,1501,1521,1495,1515,1522,1537,1621,1685,1575,1484,1316,1097,1062,1073,1010,758,885,610,768,612
1093,1052,1056,1064,1048,1054,1066,1054,1070,1069,1068,1061,1064,1068,1078,1096,1089,1103,1118,1146,1230,1186,1240,1229,1443,1481,1468,1552,1626,1682,1763,1954,2059,2121,1862,1884,1872,1613,1577,1555,1542,1530,1532,1499,1495,1582,1541,1486,1489,1417,1382,1352,1395,1399,1397,1332,1142,1190,991,751,609,485,490,505,504,492,478,467,462,456,468,484,458,494,539,584,614,852,1060,1273,1400,1564,1510,1350,1444,1708,1506,1520,1622,1774,1957,1991,2061,2040,1944,1712,1577,1523,1501,1495,1406,1522,1582,1565,1533,1533,1576,1645,1634,1639,1447,1239,1074,990,968,913,765,588,527,483,448
1094,1054,1067,1057,1053,1053,1064,1063,1060,1058,1062,1064,1062,1060,1070,1074,1077,1087,1095,1119,1165,1225,1196,1236,1343,1490,1617,1671,1674,1800,1814,2074,2094,2174,2058,1954,1985,1660,1599,1569,1557,1545,1537,1531,1533,1545,1563,1500,1457,1422,1386,1392,1345,1348,1360,1310,1249,1198,961,775,643,511,502,511,515,503,475,471,461,459,464,456,487,586,636,687,885,1246,1063,1524,1801,1842,1762,1666,1588,1791,1597,1479,1558,1641,1656,1841,1951,1811,1849,1572,1551,1434,1412,1355,1509,1570,1611,1596,1580,1577,1619,1610,1633,1680,1506,1253,1099,989,964,801,552,506,484,417,369
1092,1075,1053,1050,1054,1054,1048,1055,1059,1056,1064,1060,1060,1062,1066,1067,1069,1064,1086,1106,1132,1177,1174,1214,1291,1503,1623,1856,1817,1997,2137,2183,2223,2172,1965,2017,1820,1668,1599,1588,1563,1549,1553,1544,1611,1705,1580,1525,1453,1434,1410,1408,1352,1342,1331,1252,1213,1265,1112,851,666,596,529,534,532,520,497,483,470,467,463,460,533,652,770,871,1022,1222,1580,1473,1889,2132,2040,1957,1855,1795,1655,1418,1425,1463,1524,1526,1789,1737,1567,1472,1533,1372,1323,1389,1522,1613,1663,1672,1634,1668,1714,1817,1803,1797,1583,1117,1074,978,744,701,497,413,453,368,331
1092,1056,1051,1055,1055,1049,1052,1059,1061,1061,1064,1061,1061,1063,1064,1062,1072,1071,1080,1091,1119,1146,1160,1234,1326,1414,1602,1846,2049,2147,2207,2211,2284,2052,1946,1818,1849,1698,1644,1619,1578,1561,1554,1548,1608,1638,1596,1584,1514,1482,1452,1474,1525,1424,1275,1151,1048,1176,995,825,736,655,573,563,551,537,519,494,469,468,471,511,597,859,966,1207,1412,1757,1795,1957,1682,1950,2174,1937,1849,1804,1658,1473,1360,1328,1315,1490,1508,1602,1449,1498,1427,1219,1343,1514,1650,1719,1737,1817,1846,1815,1775,1821,1602,1572,1415,1200,896,809,704,643,588,442,390,341,296
1087,1055,1059,1063,1060,1058,1068,1052,1053,1070,1065,1063,1061,1060,1067,1067,1066,1065,1070,1090,1113,1141,1178,1226,1348,1514,1713,1873,2101,2148,2205,2303,2183,2059,1963,1874,1808,1720,1658,1627,1591,1588,1578,1572,1621,1640,1549,1571,1622,1579,1532,1492,1544,1383,1314,1306,1195,914,904,908,719,649,620,603,569,558,543,504,488,494,492,536,636,833,1088,1217,1597,1939,1971,1769,1897,1965,2200,1877,1681,1778,1592,1462,1400,1255,1208,1255,1319,1454,1377,1387,1244,1184,1396,1501,1572,1635,1752,1755,1757,1717,1720,1688,1649,1514,1313,1129,1009,874,797,647,575,467,362,345,257
1082,1049,1059,1063,1064,1060,1061,1063,1061,1064,1059,1059,1074,1062,1066,1069,1071,1070,1073,1085,1130,1168,1211,1259,1349,1452,1635,1742,1983,2162,2207,2275,2111,2090,1936,1879,1812,1807,1655,1623,1615,1609,1592,1600,1701,1617,1562,1634,1600,1564,1549,1535,1518,1508,1381,1350,1167,1048,979,894,779,704,662,635,618,594,590,554,534,520,519,564,658,841,1200,1391,1729,1810,1751,1705,1820,1955,2058,1936,1750,1633,1515,1387,1307,1277,1164,1106,1244,1271,1317,1314,1071,1178,1293,1392,1499,1651,1718,1717,1674,1716,1751,1645,1678,1530,1236,1221,1018,804,676,549,479,407,422,270,237
1090,1053,1051,1059,1063,1060,1059,1053,1055,1062,1063,1057,1066,1070,1065,1064,1069,1067,1067,1096,1125,1179,1237,1286,1388,1474,1719,1809,2007,2129,2189,2265,2131,2021,1984,1862,1815,1846,1673,1639,1639,1628,1620,1710,1741,1607,1657,1644,1607,1615,1571,1589,1542,1448,1355,1254,1143,1045,922,855,828,728,718,693,674,648,652,610,592,571,556,608,687,1037,1249,1481,1689,1712,1693,1669,1743,1969,2039,1878,1781,1718,1384,1317,1244,1185,1142,1025,1111,1075,1167,1055,1029,1229,1156,1257,1372,1485,1540,1667,1608,1567,1516,1491,1510,1510,1529,1399,1012,790,680,561,549,379,334,294,226
1091,1055,1059,1060,1060,1058,1064,1049,1059,1058,1059,1065,1063,1067,1069,1067,1068,1072,1090,1127,1165,1201,1288,1378,1373,1578,1797,1857,1962,2074,2137,2196,2106,2048,1950,1880,1808,1798,1692,1666,1663,1632,1648,1705,1697,1613,1615,1650,1584,1583,1590,1634,1625,1576,1501,1322,1294,1168,1006,898,818,800,781,742,717,753,725,679,656,618,635,690,912,1224,1451,1527,1584,1606,1604,1650,1832,2049,1748,1886,1768,1568,1419,1321,1180,1153,1050,1026,930,961,1049,944,1117,1096,1086,1127,1281,1436,1339,1334,1462,1498,1501,1528,1494,1485,1550,1413,1017,837,660,696,483,421,368,296,243
1086,1051,1057,1057,1058,1054,1056,1054,1058,1069,1056,1066,1064,1064,1066,1070,1072,1075,1106,1163,1210,1240,1322,1399,1480,1603,1731,1682,1760,2046,2171,2026,1966,1945,1948,1902,1791,1745,1718,1704,1671,1665,1729,1692,1604,1590,1580,1581,1593,1596,1617,1639,1683,1499,1378,1318,1205,1107,1025,877,898,874,837,809,810,814,798,749,706,702,733,923,1210,1446,1630,1446,1631,1654,1621,1570,1815,1777,1558,1523,1597,1437,1297,1169,1056,1131,1070,927,873,876,948,894,1088,1028,1069,1140,1190,1213,1292,1342,1415,1613,1647,1569,1568,1683,1564,1215,925,843,658,594,547,441,356,290,399
1084,1049,1053,1060,1061,1063,1059,1054,1067,1072,1060,1065,1068,1064,1064,1071,1074,1084,1109,1188,1251,1300,1402,1457,1521,1617,1767,1852,1993,2027,2150,2069,2022,1951,1857,1858,1802,1753,1743,1717,1681,1734,1692,1604,1608,1598,1596,1589,1605,1646,1689,1779,1686,1682,1532,1301,1194,1112,970,976,967,943,912,904,901,894,878,851,837,1042,1019,1149,1415,1477,1473,1381,1561,1682,1600,1639,1642,1819,1665,1391,1452,1464,1293,1098,935,1034,970,842,814,804,821,911,997,989,997,1083,1170,1245,1341,1471,1568,1681,1733,1612,1676,1550,1236,1063,856,849,881,744,891,631,564,605,412
1090,1059,1062,1061,1064,1061,1063,1059,1074,1066,1067,1068,1072,1072,1076,1081,1087,1107,1175,1200,1272,1347,1457,1483,1600,1699,1842,2038,2016,2115,2218,2118,1961,1919,1921,1869,1814,1794,1814,1734,1714,1764,1633,1617,1623,1613,1608,1615,1640,1724,1754,1803,1827,1714,1459,1374,1198,1112,1021,1046,1019,1069,1030,974,983,992,933,1050,1228,1356,1435,1511,1446,1414,1286,1406,1562,1645,1686,1709,1528,1546,1396,1241,1194,1155,1181,1098,935,905,876,750,756,758,760,864,869,867,1005,1086,1279,1414,1577,1691,1833,1874,1756,1767,1616,1518,1336,1076,1126,1235,1220,1099,858,586,516,495,409
1086,1057,1060,1058,1057,1061,1063,1065,1067,1069,1073,1072,1074,1078,1090,1099,1128,1166,1214,1286,1363,1472,1504,1583,1710,1845,2035,2247,2023,2126,2215,2256,2042,1917,1897,1864,1867,1890,1825,1775,1798,1661,1641,1636,1628,1632,1629,1649,1710,1709,1807,1844,1838,1797,1659,1507,1350,1174,1075,1146,1155,1203,1141,1104,1092,1043,1185,1309,1472,1737,1561,1395,1356,1290,1219,1330,1521,1475,1599,1679,1626,1420,1335,1370,1025,1017,947,956,802,773,721,689,688,699,704,755,868,895,918,1032,1280,1481,1739,1791,1982,1896,1769,1742,1601,1488,1437,1451,1426,1517,996,955,694,663,459,361,98
1085,1062,1068,1071,1069,1064,1069,1071,1071,1079,1078,1077,1081,1106,1112,1145,1191,1242,1276,1346,1467,1519,1604,1745,1707,1943,2309,2319,2132,2088,2126,2283,2133,1966,1948,1909,1879,1913,1809,1861,1654,1659,1667,1666,1663,1680,1672,1714,1757,1815,1845,1869,1844,1767,1606,1553,1363,1283,1220,1254,1372,1320,1380,1327,1314,1189,1463,1613,1435,1697,1497,1300,1262,1212,1153,1334,1287,1233,1378,1625,1384,1429,1286,1327,1272,1101,842,740,735,686,685,628,629,635,644,711,768,782,875,1060,1234,1357,1591,1798,2001,2021,1849,1689,1529,1436,1191,1174,1143,1295,1102,955,736,532,247,194,262
1086,1073,1074,1075,1070,1071,1077,1080,1080,1082,1084,1082,1103,1132,1156,1181,1251,1367,1342,1513,1631,1648,1695,1884,1804,2113,2232,2471,2248,2163,2258,2234,2275,2012,2010,1952,2022,1887,1803,1784,1703,1670,1679,1713,1721,1715,1757,1816,1828,1930,1909,1863,1853,1807,1545,1538,1454,1423,1381,1422,1471,1654,1640,1626,1360,1561,1464,1807,1887,1607,1464,1307,1213,1189,1142,1237,1214,1129,1312,1411,1434,1239,1110,985,1112,846,779,707,683,611,592,571,573,582,578,645,724,764,845,1035,1216,1495,1684,1821,1875,2004,1964,1705,1606,1514,1378,1178,1095,1154,1045,906,685,574,238,132,83
1082,1078,1079,1079,1076,1077,1081,1082,1084,1084,1089,1088,1110,1156,1192,1232,1300,1380,1447,1572,1602,1718,1796,1892,2143,2178,2421,2641,2335,2283,2039,2088,2059,2006,1960,2074,1913,1855,1783,1747,1723,1714,1723,1738,1776,1782,1861,1888,1908,1926,1939,1938,1910,1837,1811,1620,1601,1650,1711,1620,1773,1775,2087,1684,1784,1884,1772,1883,1645,1578,1355,1237,1246,1178,1147,1368,1249,1036,1071,1300,1592,1442,1255,1036,916,854,740,609,605,589,532,525,527,535,521,564,674,707,758,952,1188,1338,1589,1714,1815,1934,1832,1653,1515,1151,1254,916,921,727,969,751,654,293,259,70,-53
1080,1081,1081,1082,1078,1082,1080,1086,1089,1094,1094,1102,1108,1303,1257,1276,1335,1456,1606,1624,1766,1815,1907,2060,2300,2561,2540,2583,2340,2113,2235,2155,2054,2013,1935,1914,1865,1826,1787,1743,1723,1748,1749,1826,1810,1867,1912,1920,1996,1958,1977,1929,1904,1903,1899,1681,1914,2052,1972,1787,2097,2073,2131,2083,1893,1873,1682,1567,1694,1469,1286,1399,1233,1195,1198,1422,1312,1113,951,1188,1527,1395,1271,1006,875,798,843,588,537,524,497,466,469,469,464,485,570,691,739,885,1048,1283,1214,1241,1470,1657,1686,1600,1390,1092,1067,1054,768,600,783,632,377,220,-20,-45,-57
1079,1083,1085,1088,1086,1085,1086,1092,1088,1106,1097,1182,1169,1281,1459,1482,1372,1558,1656,1736,1891,1935,2061,2306,2449,2674,2646,2345,2312,2087,2046,2127,1972,1975,1895,1878,1900,1823,1779,1737,1770,1802,1836,1889,1904,1924,2039,2028,2084,2063,1999,1881,1791,1705,1815,1983,2105,2173,2195,2141,2187,2147,2117,2112,2114,2040,1733,1604,1490,1436,1512,1490,1378,1247,1330,1497,1303,1138,1049,1106,1443,1131,1047,1003,838,775,715,714,469,454,443,421,419,420,396,465,496,565,655,812,956,1040,1209,1331,1505,1512,1530,1672,1467,1224,948,747,807,562,539,246,297,62,-15,-62,-67
1094,1083,1083,1084,1087,1083,1088,1095,1105,1127,1323,1370,1300,1494,1633,1594,1550,1710,1955,2100,1936,2106,2255,2369,2651,2528,2528,2157,2189,1981,2054,2034,1904,1881,1868,1872,1863,1814,1776,1775,1823,1859,1913,2063,1955,2059,2015,1879,1912,1904,1745,1650,1606,1689,1854,2084,2059,2084,2175,2232,2169,2140,2179,2161,2195,1963,1783,1717,1545,1553,1618,1473,1339,1297,1442,1551,1340,1236,1040,885,1292,1283,997,974,736,750,640,601,434,400,384,375,364,362,370,375,484,463,457,649,845,1023,1260,1356,1337,1220,1217,1403,1217,1380,923,757,570,422,480,543,344,60,-6,-57,-65
1111,1095,1088,1088,1113,1114,1115,1114,1123,1236,1344,1492,1517,1702,1733,1789,1714,1874,1914,2043,2152,2264,2368,2581,2672,2257,2302,2064,1959,1919,1988,1827,1794,1794,1788,1834,1828,1821,1796,1842,1860,2023,2108,2165,2016,1976,1749,1605,1681,1612,1556,1448,1646,1899,1894,2009,2241,2215,2177,2109,2155,2142,2097,2098,1997,1845,1747,1722,1587,1698,1605,1559,1334,1410,1688,1507,1373,1371,1088,867,1060,1235,1074,743,717,645,635,711,419,362,333,323,313,312,308,293,386,364,421,574,743,868,1036,1079,1057,897,968,1358,1063,1149,997,646,592,393,314,292,150,98,20,-29,-67
1110,1079,1108,1110,1116,1114,1117,1119,1229,1411,1461,1576,1646,1844,1828,1868,1945,2011,1917,2172,2238,2306,2401,2734,2417,2298,2102,2056,1898,1832,1805,1762,1718,1738,1857,1803,1841,1831,1911,1908,1952,2315,2038,1789,1791,1607,1599,1377,1368,1323,1336,1523,1520,1653,1762,2013,2082,2125,2077,2069,2123,2062,2037,2014,2080,1999,1876,1795,1755,1816,1619,1512,1499,1407,1554,1374,1240,1103,1079,900,801,1120,873,761,700,711,601,635,385,304,292,274,270,270,257,249,242,250,317,359,574,627,790,785,687,679,1158,1013,1077,1018,760,615,490,288,246,206,146,79,33,-22,-58
1109,1102,1107,1108,1114,1113,1149,1143,1326,1604,1613,1516,1833,1909,1910,1890,1972,2156,2184,2038,2369,2435,2620,2654,2458,2201,2025,1994,1847,1787,1682,1635,1674,1804,1916,1897,1871,1886,1959,1894,2070,1806,1739,1475,1407,1290,1176,1205,1236,1173,1320,1424,1496,1593,1599,1677,1924,1931,2046,2196,2162,1984,2018,2001,2036,2004,1849,1822,1722,1668,1564,1664,1511,1407,1296,1226,1234,1146,1172,909,915,705,834,739,695,686,572,476,345,257,233,232,227,217,215,203,187,163,184,166,264,408,493,393,443,790,954,597,604,702,593,580,325,188,175,135,101,63,9,-26,-35
1103,1108,1109,1103,1111,1222,1262,1334,1704,1697,1719,1847,2018,1959,2108,2138,1963,2162,2288,2372,2592,2714,2790,2374,2266,2222,2013,1867,1810,1710,1569,1519,1665,1854,1963,1887,1938,1954,2000,1884,1943,1788,1272,1250,1055,1064,1088,1095,1206,1181,1268,1314,1492,1536,1732,1909,1955,1921,1917,1953,1980,1952,1965,1995,1954,1920,1972,1796,1573,1738,1619,1460,1298,1158,1066,994,1252,1151,1051,1094,877,721,744,721,679,659,608,495,433,195,200,185,177,176,164,165,137,118,103,110,154,146,239,281,296,542,685,628,348,514,445,444,204,222,112,90,65,21,-13,23,19
1119,1110,1107,1111,1118,1421,1511,1380,1894,2001,1904,1940,2140,2173,2128,2056,2149,2267,2422,2417,2660,2773,2603,2255,2149,2291,1904,1710,1722,1576,1505,1550,1791,1981,2014,1990,2016,1810,1965,1653,1615,1465,1122,1064,971,996,992,1003,988,1071,1075,1254,1329,1478,1595,1816,1940,1958,1879,1877,1889,1912,1972,1984,1904,1828,1790,1804,1523,1505,1341,1349,1258,1283,1222,1032,1176,1184,1077,1033,802,946,732,652,632,575,634,549,154,159,150,140,141,127,122,120,92,76,57,46,79,121,164,160,165,227,374,334,353,411,220,209,146,99,69,43,19,3,-18,-13,-25
1117,1111,1110,1111,1206,1615,1795,1761,2137,2161,2206,2262,2272,2214,2195,2148,2216,2396,2543,2805,2827,2792,2468,2533,2361,2082,1866,1654,1532,1494,1545,1392,1849,1953,2082,1994,1793,1689,1554,1678,1444,1156,1078,992,919,910,903,908,897,1075,1175,1188,1321,1617,1667,1785,1877,1979,1910,1933,1967,1962,2025,1925,1749,1704,1647,1521,1596,1389,1315,1277,1346,1269,1259,1103,937,1108,1045,995,986,998,663,581,593,620,628,536,228,112,118,110,97,97,91,78,61,47,25,19,29,72,89,109,75,24,107,140,33,178,119,101,77,45,21,0,-6,-15,-44,-37,-49
1119,1131,1104,1127,1281,1582,1874,1927,2101,2225,2371,2379,2365,2300,2320,2371,2342,2439,2640,2685,2636,2692,2125,2001,2202,2044,1733,1537,1396,1366,1438,1529,1725,1866,1709,1681,1690,1410,1342,1202,1254,1204,988,954,867,834,832,832,927,1218,1445,1431,1339,1349,1510,1561,1615,1783,1819,1919,1975,1925,1710,1673,1615,1567,1501,1590,1467,1520,1436,1324,1318,1318,1241,1138,1107,881,897,898,1009,908,585,467,507,695,598,321,176,113,76,71,72,59,56,52,42,15,8,-6,-6,6,27,39,15,-17,33,42,-2,-3,3,8,18,0,-14,-23,-24,-20,-49,-17,-14
1159,1390,1102,1372,1666,1799,2118,2173,2282,2442,2585,2446,2467,2426,2439,2447,2560,2576,2666,2358,2322,2709,2203,1685,1829,1614,1612,1630,1422,1200,1323,1562,1812,1436,1413,1482,1299,1304,1136,985,1042,883,786,795,791,752,764,801,1009,1239,1588,1569,1429,1561,1607,1700,1897,1949,1909,2009,1992,1898,1633,1584,1538,1512,1541,1607,1447,1606,1552,1433,1411,1367,1288,1216,1093,825,822,707,691,769,595,527,493,822,443,282,175,80,49,53,46,44,25,18,10,3,-5,-11,-9,-13,-14,-11,-12,-15,-20,-22,-31,-22,-31,-29,-27,-19,-20,-37,-35,-38,-12,-13,-40
1206,1239,1418,1644,1944,2222,2116,2347,2474,2681,2669,2702,2560,2681,2640,2620,2381,2322,2227,2210,2318,2305,1951,1894,1332,1294,1386,1506,1304,1104,1351,1512,1476,1201,997,1069,1155,894,827,961,788,748,705,716,710,706,720,856,1150,1177,1398,1479,1492,1486,1645,1960,1890,1892,1930,1746,1673,1617,1615,1568,1477,1469,1486,1514,1487,1609,1556,1509,1444,1233,1117,1100,1008,993,891,806,662,631,569,484,382,598,519,386,136,78,70,65,38,26,16,11,0,-2,-2,-6,-11,-10,-13,-15,-16,-25,3,-21,-20,-25,-27,-32,-31,-35,-35,-31,-40,-21,-9,1,-11
1132,1215,1418,1718,1732,2014,2191,2376,2567,2790,2814,2784,2774,2803,2668,2524,2270,2229,2159,1976,1867,1975,1791,1324,1316,1035,1225,1277,1311,892,1194,1195,984,999,910,837,716,695,710,713,663,656,629,637,640,665,670,904,1087,1169,1222,1273,1368,1402,1653,1804,1676,1686,1569,1541,1539,1644,1616,1566,1587,1436,1418,1487,1425,1512,1792,1483,1351,1230,1070,1142,1188,952,882,873,657,512,506,504,344,452,516,334,190,111,101,78,52,36,14,1,-5,-4,-2,-5,-5,-20,-19,-15,-19,-28,-26,-18,-14,-24,-14,-22,-33,-35,-40,-28,-22,5,19,27,38
1197,1401,1546,1552,1841,2108,2300,2376,2691,2871,2914,2457,2426,2510,2763,2726,2680,2476,2166,2090,1694,1745,1804,1286,1191,858,1117,994,1017,924,813,891,770,681,670,666,600,599,611,602,557,579,580,590,609,625,690,904,1013,1023,1228,1170,1204,1321,1491,1710,1569,1531,1491,1477,1485,1598,1654,1575,1637,1551,1381,1361,1365,1387,1628,1603,1290,1243,1399,1380,1160,1016,922,886,626,575,485,443,400,304,461,312,152,139,126,93,64,42,27,1,0,-12,-12,-17,-14,-18,-18,-23,-24,-20,-24,-29,-24,-24,-22,-28,-32,-40,-24,-9,21,28,54,94,135
1265,1311,1552,1710,1888,2214,2463,2762,3023,2992,2818,2704,2236,2359,2104,2336,2381,2366,2036,1575,1549,1341,1332,1186,892,720,811,891,819,612,605,599,571,592,559,545,543,526,515,527,495,513,537,557,570,605,633,778,994,1057,1218,1143,1167,1262,1321,1599,1608,1466,1454,1454,1456,1525,1624,1596,1607,1410,1336,1355,1317,1329,1683,1607,1406,1502,1593,1329,1226,1007,892,861,638,577,525,445,385,291,322,234,190,171,133,101,76,50,26,15,-1,-7,-18,-19,-26,-10,-21,-20,-24,-15,-21,-31,-21,-26,-23,-32,-19,-4,2,27,34,42,98,122,152
1337,1445,1655,1970,2223,2324,2753,3008,3203,2809,2425,2411,2139,2088,1813,1861,2025,2122,2060,1724,1308,909,896,747,712,597,601,511,475,431,481,513,494,497,490,479,481,458,452,460,452,479,493,518,541,621,773,796,918,1145,1327,1138,1155,1196,1252,1406,1598,1490,1448,1468,1474,1483,1577,1711,1556,1392,1364,1367,1310,1313,1505,1582,1398,1575,1592,1282,1186,1098,961,764,655,695,493,422,418,359,377,227,193,160,145,108,78,57,35,8,-1,-9,-12,-16,-11,-12,-19,-15,-10,-24,-20,-20,-18,-23,-34,-29,-4,15,41,59,87,141,187,174,179
1362,1605,1727,1892,2224,2482,2665,2916,2875,2506,2317,2259,2124,1729,1665,1443,1576,1777,1666,1498,1042,673,495,451,456,501,479,427,386,406,438,449,430,414,408,404,406,401,402,418,436,458,471,501,536,641,656,898,1063,1409,1319,1111,1130,1116,1364,1327,1720,1436,1454,1476,1411,1413,1502,1569,1486,1437,1468,1329,1302,1308,1336,1559,1563,1608,1411,1262,1255,1214,925,780,795,679,500,499,487,530,377,141,164,144,120,99,66,52,33,13,0,-10,-17,-19,-8,-13,-13,-16,-19,-14,-19,-18,-19,-24,-26,-20,13,42,68,115,199,173,177,209,207
1437,1856,2250,2279,2263,2666,2949,3032,3009,2530,2451,1945,1942,1966,1950,1749,1646,1248,1077,1164,733,412,420,398,381,414,390,343,333,352,373,376,379,369,359,348,363,400,397,404,425,449,488,510,557,597,686,859,1127,1486,1413,1178,1111,1111,1113,1220,1319,1554,1536,1571,1439,1390,1405,1546,1414,1474,1537,1412,1307,1369,1480,1604,1552,1605,1585,1208,1284,1134,1062,1074,807,601,680,530,505,545,299,129,120,117,101,85,63,41,35,10,2,2,-8,-11,-12,-1,-10,-12,-22,-22,-18,-9,-22,-14,-22,0,39,138,204,165,209,215,215,245,256
1831,1939,2188,2632,2744,3011,2892,2522,2980,2930,2676,2294,2118,1618,1825,2042,1983,1544,1175,874,500,393,345,337,341,347,340,315,313,323,334,333,332,340,343,341,351,379,388,394,415,453,479,522,568,719,894,970,1104,1375,1516,1153,1108,1107,1104,1287,1330,1423,1705,1424,1386,1376,1382,1509,1458,1472,1439,1383,1415,1679,1796,1596,1495,1489,1452,1304,1421,1104,1162,942,712,838,582,494,630,360,262,92,95,89,74,56,40,29,16,8,5,-7,-7,-6,-11,-2,-25,-24,-20,-10,-13,-23,-18,-18,-1,55,148,219,199,231,247,269,272,275,297
2017,1978,2303,2678,3020,2975,2800,2283,2573,2688,2569,2177,1857,1631,1572,1582,1401,1114,825,552,439,337,327,318,315,311,317,320,317,313,314,320,323,332,331,333,351,365,380,391,417,456,506,548,602,682,793,965,1145,1359,1540,1114,1108,1110,1136,1249,1275,1518,1505,1449,1388,1374,1384,1500,1555,1502,1483,1551,1722,1893,1712,1553,1489,1478,1412,1399,1393,1109,882,813,790,691,465,367,517,244,181,55,56,58,51,40,32,21,7,7,0,-6,-1,-5,-10,-12,-11,-8,-7,-12,-20,-20,-23,-24,45,104,124,173,183,238,248,272,282,322,339
2188,2333,2425,2385,2697,2936,2584,2275,2142,2153,2381,2475,2317,1992,1568,1209,1152,838,670,645,388,307,315,316,306,312,308,312,315,312,319,323,330,320,327,340,354,367,380,397,440,467,515,556,677,821,907,1026,1189,1429,1504,1126,1106,1109,1118,1198,1311,1437,1428,1417,1402,1382,1369,1490,1523,1551,1693,1885,2004,1777,1578,1553,1484,1405,1438,1371,1205,1048,1020,945,851,586,473,382,413,417,262,69,43,32,30,24,22,14,6,3,8,-1,-2,0,-3,-3,-6,-6,-11,-14,-18,-17,2,18,29,80,119,160,202,229,287,318,319,360,391
2078,2093,2337,2539,2768,3192,2728,2413,2153,1939,1890,1969,1921,1591,1952,1604,1241,851,489,432,374,300,307,307,306,308,312,315,308,312,319,315,323,326,329,333,349,380,417,438,435,502,545,594,653,731,846,1139,1266,1402,1262,1124,1112,1120,1143,1179,1369,1454,1571,1417,1384,1391,1416,1520,1583,1580,1908,1862,1809,1958,1756,1560,1477,1431,1317,1105,1104,983,1010,809,618,624,449,344,575,261,130,17,26,30,16,13,13,15,11,2,2,3,1,-4,-8,-2,-5,-7,-12,-16,-18,-13,44,40,57,95,129,183,240,258,300,368,341,395,418
2172,2292,2622,2899,3232,3136,2970,2560,2081,2045,1895,1689,1611,1367,1473,1496,1141,757,392,371,337,313,307,308,314,317,314,312,306,307,308,320,318,327,328,349,360,398,437,470,490,510,596,665,691,743,909,1082,1194,1392,1135,1121,1126,1134,1165,1228,1371,1369,1552,1408,1428,1412,1443,1479,1526,1575,1777,1844,1779,1765,1654,1660,1562,1330,1276,1192,1094,907,880,732,617,575,493,330,373,274,85,48,19,16,17,11,31,22,3,4,9,4,3,2,1,-5,-5,-6,-8,-20,-13,41,49,62,91,125,148,200,244,303,355,483,577,685,544
2117,2630,2848,3059,2776,2677,2979,2536,2534,2492,2422,2177,1704,1184,1026,1133,848,514,341,325,318,308,307,300,313,318,315,307,308,312,310,321,319,320,331,343,390,418,456,491,528,550,650,678,837,810,866,1131,1336,1296,1120,1143,1134,1138,1192,1260,1381,1600,1577,1476,1428,1436,1446,1494,1630,1647,1778,2073,1900,1670,1636,1575,1569,1576,1302,1400,1103,999,1136,799,624,563,435,269,263,166,117,56,14,15,21,31,22,10,14,14,7,2,-1,-1,0,1,-7,-10,-5,-10,33,58,89,116,130,176,207,231,297,361,477,492,530,547,601
2588,2682,3125,2691,2480,2373,2377,2576,2413,2151,2002,1775,1404,1428,1106,896,558,395,360,321,313,307,302,310,308,303,310,307,307,306,309,311,315,327,324,358,369,436,466,503,549,585,648,761,896,894,1060,1075,1379,1358,1245,1146,1151,1183,1278,1308,1679,1742,1586,1461,1464,1474,1539,1704,1671,1742,1860,2008,2112,1795,1600,1470,1542,1513,1339,1100,1047,926,949,1035,863,808,599,204,201,139,85,52,19,24,21,21,16,18,19,13,11,3,0,-5,-5,-4,-4,-2,5,19,58,104,138,169,169,201,264,320,359,505,619,774,663,658,669
2804,3154,3308,2768,2373,2042,1908,2218,2439,2148,2280,1954,1744,1272,910,696,531,368,345,326,314,307,311,318,309,307,311,313,314,311,313,318,316,326,346,353,402,477,546,556,719,659,861,927,723,931,1099,1182,1321,1491,1434,1153,1168,1192,1226,1289,1546,1734,1779,1450,1501,1524,1555,1666,1674,1693,1778,1885,2065,1960,1682,1681,1447,1377,1150,1137,928,911,855,964,966,796,583,236,145,116,69,44,13,24,18,18,15,13,10,19,9,13,6,-2,8,-4,-10,-10,9,43,97,125,174,227,248,222,286,361,412,582,857,956,957,744,841
2924,3030,2805,2834,2643,2358,1984,1681,1997,1677,2008,1761,1484,1204,817,458,375,352,330,318,315,314,312,308,314,307,315,314,312,314,309,320,330,330,368,407,421,497,582,656,841,865,1019,1102,930,947,911,1144,1305,1476,1351,1190,1183,1188,1221,1263,1406,1578,1537,1449,1503,1564,1597,1651,1661,1717,1827,1826,1932,2205,1686,1517,1388,1276,1340,1194,1177,947,812,785,905,800,574,288,224,92,57,27,20,19,20,22,23,16,19,15,16,15,2,2,-5,-2,-2,8,12,46,115,161,207,261,295,345,577,504,582,605,718,859,960,908,1082
2982,2800,2543,2573,2430,2193,2268,1867,1469,1518,1483,1311,1207,894,486,345,332,325,333,328,327,324,315,317,321,317,319,319,318,316,321,324,336,380,416,467,513,625,927,763,985,913,1252,1143,1228,1135,995,1091,1317,1241,1227,1225,1197,1201,1239,1271,1310,1386,1544,1755,1822,1579,1726,1764,1777,1740,1764,1830,1840,1823,1656,1523,1410,1286,1193,1374,1170,1090,821,891,686,693,600,297,357,223,50,32,25,19,23,17,23,20,19,22,13,4,10,3,0,-1,4,2,15,56,120,176,237,316,355,403,523,816,1041,753,745,926,964,1056,1213
2975,2659,2310,2210,2175,1940,2329,2351,1978,1712,1309,928,729,537,430,361,344,340,335,338,336,326,329,324,322,320,324,327,328,328,325,334,363,414,467,499,561,694,866,1027,1120,1178,1203,1180,1304,1121,1205,1143,1161,1137,1295,1282,1223,1250,1233,1253,1278,1287,1330,1618,1676,1856,1671,1875,1907,1911,1839,1950,1844,1759,1770,1782,1705,1311,1188,1039,1134,944,750,768,769,533,571,329,426,292,105,67,54,23,34,26,23,20,25,18,11,20,14,11,5,8,16,14,28,81,121,262,360,403,610,687,508,810,1140,1095,933,1104,1368,1127,1273
2854,2541,2424,2558,2449,2080,1760,1874,1997,1884,1572,1119,760,415,401,363,347,335,340,335,335,338,326,329,328,332,318,330,328,336,348,370,420,438,674,600,943,895,965,1059,1202,1255,1286,1254,1202,1185,1155,1133,1134,1276,1353,1258,1311,1317,1450,1378,1272,1289,1300,1512,1810,1809,1958,1862,1864,1975,1944,1949,1880,1923,2130,1941,1680,1607,1434,1109,1134,875,732,590,614,499,456,448,565,400,164,125,83,47,25,30,34,27,27,28,28,19,15,16,8,11,12,15,54,146,208,401,633,829,985,673,602,830,1027,955,1252,1330,1499,1402,1592
2884,2586,2379,2133,2356,2202,1964,1694,1348,1387,1406,995,666,404,369,362,351,359,347,352,346,340,338,341,326,332,335,330,338,336,370,424,496,532,556,775,765,864,1137,1178,1295,1534,1534,1389,1157,1116,1101,1141,1180,1402,1156,1225,1363,1385,1454,1425,1292,1316,1334,1375,1570,1678,1961,2098,1958,2056,2018,2082,1914,1989,2199,1989,1987,1914,1385,1236,954,978,814,679,555,496,435,373,344,296,220,167,108,58,35,39,38,39,39,30,26,25,23,3,16,8,17,19,94,288,483,506,589,972,881,761,677,689,815,891,1220,1264,1575,1551,1517
2995,2736,2350,2183,1990,1963,1925,2003,1788,1399,1153,832,555,406,385,373,362,348,353,351,344,343,347,331,330,339,352,356,353,355,384,425,529,594,670,948,1083,1017,1286,1323,1345,1665,1770,1488,1199,1129,1121,1130,1138,1360,1197,1250,1316,1463,1438,1320,1314,1340,1363,1426,1522,1658,1993,2237,2115,2175,2174,2056,2032,2028,2142,2019,1684,1625,1329,1474,1210,930,805,801,672,520,461,347,305,273,207,173,120,80,63,53,47,51,44,30,38,40,31,34,21,26,26,39,284,665,865,769,885,918,1059,1019,895,950,1222,876,914,1204,1208,1494,1461
2904,2821,2536,2136,1882,1668,1503,1501,1509,1413,1194,816,442,420,405,399,367,359,365,358,346,358,344,341,339,355,364,395,396,384,409,491,591,712,848,924,1206,1342,1336,1435,1613,1582,1836,1508,1219,1169,1157,1159,1165,1230,1213,1241,1334,1391,1538,1470,1588,1391,1398,1457,1526,1632,1851,1959,2245,2333,2247,2268,2140,2051,2096,1979,1754,1508,1351,1228,1191,1010,1043,1084,716,600,450,322,256,227,192,141,120,69,68,67,66,53,47,42,45,50,69,61,62,42,67,172,621,955,1177,955,1290,1230,1218,1068,920,1212,1335,1183,1151,1058,1353,1476,1654
2774,2482,2481,2312,2038,1887,1837,1487,1242,881,788,586,502,470,439,429,415,396,383,387,382,364,366,376,385,379,374,398,404,463,464,615,881,1066,1172,1031,1175,1344,1415,1498,1615,1775,1737,1444,1287,1243,1192,1196,1212,1224,1262,1272,1278,1375,1394,1432,1669,1571,1398,1454,1551,1660,1803,2035,2256,2278,2469,2406,2270,2126,2080,2010,1852,1762,1421,1603,1367,1188,1044,907,800,726,548,299,213,181,158,119,78,82,85,82,67,56,48,62,87,94,111,130,104,104,206,538,730,1106,1313,1300,1369,1349,1434,1141,1108,1214,1450,1336,1363,1255,1279,1429,1536
2954,2836,2615,2180,2109,2157,2053,1830,1431,1092,742,566,512,491,469,460,432,430,420,407,411,418,408,449,459,425,396,403,419,434,444,464,701,952,1062,1345,1473,1599,1594,1661,1634,1831,1701,1431,1323,1261,1251,1249,1268,1266,1268,1348,1349,1341,1338,1433,1481,1599,1448,1450,1568,1650,1801,2138,2326,2359,2408,2241,2129,2055,2087,2168,2017,1752,1742,1403,1231,1137,1008,1010,739,588,532,309,242,175,126,101,101,98,92,85,80,73,59,75,113,144,160,184,158,199,539,598,950,1181,1174,1180,1346,1411,1463,1451,1294,1532,1685,1616,1509,1370,1270,1419,1637
2612,2664,2320,2132,2031,1891,1876,1669,1294,891,683,534,539,516,506,472,468,445,435,435,518,489,519,566,625,570,521,443,429,449,462,484,529,676,731,1045,1222,1449,1595,1426,1662,1767,1523,1466,1392,1294,1308,1314,1312,1347,1352,1385,1430,1500,1565,1471,1638,1583,1494,1458,1521,1575,1815,2181,2377,2326,2242,2214,1988,2007,1926,2107,1968,1852,1741,1568,1348,1289,1163,893,695,630,493,367,284,205,140,109,123,113,109,103,97,82,66,105,147,190,229,239,251,546,628,763,997,1036,1011,1196,1166,1116,1361,1409,1461,1591,1666,1775,1872,1414,1266,1592,1612
2214,2361,2096,2103,2052,2057,1776,1512,1249,818,611,591,575,560,529,510,494,491,511,458,498,506,606,670,740,671,661,557,498,485,481,506,518,565,640,723,843,1065,1246,1470,1637,1473,1737,1612,1479,1436,1393,1367,1373,1403,1415,1495,1545,1703,1767,1549,1506,1659,1564,1448,1492,1520,1757,2194,2375,2240,2132,2093,1897,1824,1794,1955,1983,1851,1623,1492,1354,1087,1122,904,743,561,419,376,290,221,172,139,141,136,118,111,100,79,80,112,171,227,275,314,562,709,924,790,689,808,753,993,917,1134,1333,1441,1560,1513,1636,1591,1645,1452,1435,1548,1567
2008,1880,1951,1756,1706,1731,1817,1589,1086,753,634,630,610,568,540,530,535,529,553,583,547,550,559,717,785,762,728,679,599,576,516,541,547,578,597,684,754,843,989,1089,1206,1456,1546,1694,1570,1424,1472,1478,1457,1467,1478,1575,1811,1605,1741,1758,1485,1566,1522,1484,1446,1515,1679,2048,2345,2267,2112,1949,1897,1809,1757,1820,1849,1773,1557,1210,1298,1021,887,850,727,556,455,396,309,246,174,157,158,143,132,119,118,100,129,152,199,243,284,411,533,670,1047,1136,1186,950,1110,918,878,1145,1417,1574,1539,1507,1499,1477,1518,1513,1559,1537,1698
2276,2238,1895,1899,1957,1661,1248,1298,940,783,724,677,660,620,567,564,561,563,571,586,589,520,605,619,833,884,785,795,679,718,703,619,585,602,613,645,695,757,841,924,1057,1281,1439,1688,1692,1566,1651,1645,1509,1597,1635,1772,1903,1684,1711,1799,1628,1609,1562,1498,1479,1527,1732,1976,2394,2365,2076,2038,1738,1714,1657,1647,1914,1670,1769,1382,1264,1075,919,869,526,528,453,384,303,246,176,178,164,161,143,128,141,160,177,183,246,312,388,597,677,554,949,1120,1349,1420,1371,1151,1245,1020,974,1235,1439,1358,1273,1481,1676,1884,1852,1772,1777
2582,2318,1821,1703,1295,1308,1057,958,938,982,783,695,663,645,599,591,584,587,603,628,702,609,620,629,641,965,889,885,802,825,882,662,674,665,667,654,701,743,801,824,1106,1378,1495,1675,1687,1651,1686,1713,1699,1663,1712,1839,1898,1902,1811,1840,1761,1593,1556,1500,1469,1592,1693,2001,2422,2237,2095,1998,1804,1669,1633,1701,1638,1628,1502,1668,1359,1024,1042,783,541,434,409,353,292,219,195,185,183,175,171,182,193,213,271,272,295,441,493,645,670,785,924,1006,927,999,1248,1577,1560,1521,1424,1213,1325,1225,1371,1590,1873,1990,1740,1700,1596
2178,2123,1785,1524,1319,1138,1220,1084,1099,869,1006,802,664,648,621,629,623,620,633,648,741,707,692,673,702,755,717,985,871,918,1062,863,782,846,737,685,706,743,784,828,903,1290,1474,1462,1470,1683,1741,1828,1853,1761,2001,1959,2090,2020,1789,1706,1700,1680,1623,1494,1492,1591,1667,1841,2158,2169,2285,2227,1928,1796,1654,1849,1416,1555,1279,1596,1116,1144,814,681,533,409,340,306,270,207,216,216,209,225,231,257,271,270,353,333,647,673,788,807,820,902,1117,1224,1542,1253,1064,1422,1367,1353,1347,1226,1198,1452,1302,1489,1791,1980,1901,1592,1532
1599,1647,1509,1279,1238,1131,1020,989,1038,1045,965,802,698,682,668,692,659,633,637,650,743,814,689,695,765,749,754,1068,1016,1022,1185,987,932,889,869,767,738,772,820,850,960,1169,1276,1401,1511,1856,1967,1864,1844,1869,2014,2206,2246,2062,1851,1725,1762,1718,1529,1522,1508,1523,1761,2023,2385,2348,2461,2107,1933,1788,1724,1927,1458,1138,1414,1543,1223,910,973,655,513,408,355,306,247,250,246,265,286,300,301,350,364,387,444,597,614,892,1011,942,968,1094,1304,1388,1686,1549,1082,1273,1413,1456,1362,1419,1254,1560,1836,1667,1868,1816,1670,1627,1541
1609,1342,1378,1231,1284,1271,1267,1137,1007,989,926,859,786,754,741,723,726,603,624,632,671,782,825,768,843,808,854,1215,1214,1038,1273,1179,1140,985,960,869,774,772,849,903,995,1103,1211,1335,1670,1841,1876,1822,1889,2011,2075,2245,2294,2048,1838,1670,1613,1608,1481,1515,1462,1566,1824,2175,2526,2543,2645,2408,1967,1846,1760,1634,1580,1282,1089,1295,1135,941,752,583,489,415,353,306,268,266,280,326,344,376,401,446,471,471,606,693,845,984,1012,985,1132,1266,1151,1388,1749,1618,1291,1421,1377,1622,1847,1674,1376,1571,1717,2066,1934,1758,1670,1563,1617
1528,1758,1533,1407,1403,1503,1261,1083,1049,1022,940,900,833,804,780,727,890,758,597,616,661,746,894,811,857,858,888,1092,1364,1343,1188,1339,1339,1276,1065,1005,841,834,837,886,905,1062,1575,1733,1829,2065,2091,1939,1891,2015,2202,2202,2221,2067,1896,1671,1603,1572,1509,1436,1455,1591,1853,2147,2464,2600,2475,2148,2037,1905,1738,1603,1384,1450,1101,1037,1028,890,537,525,430,401,358,324,292,313,327,363,406,435,505,543,607,632,664,817,972,1157,1135,1236,1099,1295,1447,1448,1737,1712,1280,1694,1760,1949,2072,1800,1467,1680,1823,2119,1843,1761,1644,1590,1516
1765,1655,1466,1583,1584,1366,1239,1146,1117,1038,1042,951,904,863,795,790,756,1003,854,684,737,803,901,939,934,920,975,1089,1262,1414,1446,1353,1463,1339,1217,1101,947,898,843,887,971,1095,1545,1761,1890,2213,2207,2161,2089,2056,2182,2236,2408,2202,1964,1736,1551,1492,1432,1398,1355,1461,1898,2319,2565,2556,2239,2035,1952,1627,1744,1483,1270,1174,970,1033,705,651,570,531,467,417,363,315,342,369,394,388,447,527,618,726,725,822,820,1045,1112,1222,1258,1374,1317,1333,1705,1691,1934,1932,1386,1736,1815,1904,2169,1947,1658,1806,1909,2081,1927,1796,1660,1598,1524
2093,1709,1776,1821,1837,1574,1341,1291,1170,1082,1069,1016,945,911,864,812,768,877,990,839,852,916,942,995,969,972,1045,1207,1270,1312,1426,1578,1551,1476,1253,1122,1016,955,879,910,980,1175,1346,1575,1826,2124,2212,2262,2296,2227,2103,2294,2368,2299,1985,1752,1566,1447,1376,1329,1291,1406,1722,2123,2407,2367,2195,2081,1758,1635,1365,1372,1162,1240,957,755,704,647,585,523,484,442,377,330,378,426,472,478,526,645,646,787,895,916,999,1082,1247,1389,1479,1481,1614,1693,1681,1927,2107,1980,1456,1569,1786,1951,2172,1947,1762,1967,2167,2028,2054,1858,1764,1581,1552
2309,2033,1990,1975,1788,1662,1339,1357,1308,1184,1108,1043,990,924,1001,960,801,856,980,1064,999,982,999,1090,1014,1057,1128,1369,1520,1591,1528,1681,1757,1681,1345,1177,1107,956,935,921,989,1107,1417,1584,1856,2160,2121,2361,2583,2423,2180,2189,2294,2465,2002,1658,1534,1360,1368,1345,1229,1299,1511,1978,2280,1964,2146,2107,1832,1627,1414,1280,1076,946,870,785,685,635,575,529,476,424,386,374,431,471,533,588,659,714,830,764,930,1059,1223,1349,1285,1508,1699,1670,1999,1709,1913,2011,2361,1966,1586,1641,1866,2079,2203,2035,1862,2123,2189,1996,1821,1767,1771,1611,1543
2378,2227,2216,1978,1774,1765,1504,1348,1280,1210,1138,1079,1010,997,942,1090,1034,909,984,1134,1128,1136,1044,1131,1082,1108,1353,1520,1585,1688,1579,1741,1748,1670,1642,1354,1180,1013,970,974,1044,1092,1381,1559,1854,1981,2116,2329,2316,2450,2265,2103,2302,2324,1854,1635,1462,1310,1267,1284,1174,1209,1447,1776,2049,1773,1995,1832,1819,1661,1448,1229,1066,940,839,753,677,590,533,502,455,396,391,421,458,505,593,627,710,756,931,965,887,1113,1248,1526,1718,1748,1633,1991,2091,1798,2129,2197,2037,1870,1643,1864,1812,2094,2134,2024,2100,2050,1933,1952,1804,1782,1702,1624,1572
2188,2168,1997,1881,1771,1759,1561,1446,1298,1215,1168,1117,1051,1005,1013,1002,1154,1085,1028,1116,1235,1255,1209,1218,1152,1283,1407,1439,1509,1767,1688,1787,1888,1749,1590,1318,1203,1099,1006,977,1051,1147,1247,1539,1746,1941,2085,2299,2560,2457,2165,2011,2164,2213,1842,1560,1371,1287,1217,1196,1133,1131,1219,1587,1538,1753,1765,1860,1615,1535,1325,1187,1022,861,759,689,642,566,489,435,445,444,441,462,506,580,690,742,749,798,953,1036,1043,1047,1212,1558,1754,2097,1964,2200,2374,2052,2084,2209,2071,1941,1846,2060,2090,2188,2259,2324,2147,2003,1871,1808,1855,1716,1637,1610,1550
2634,2439,2399,2137,1973,1966,1898,1566,1409,1275,1212,1206,1235,1062,1067,1058,1074,1220,1121,1217,1437,1331,1289,1225,1298,1349,1612,1596,1475,1703,1784,1806,1913,1792,1532,1460,1389,1188,1095,1017,1076,1124,1254,1420,1896,2196,2148,2176,2421,2314,2236,1899,2040,2032,1629,1440,1365,1266,1209,1150,1094,1055,1125,1331,1426,1422,1500,1521,1487,1318,1231,1057,945,848,739,645,586,506,457,472,476,482,493,520,573,624,725,780,857,852,1017,1197,1302,1457,1207,1171,1510,1764,1731,2286,2085,2144,2226,2227,2055,2142,1998,2155,2447,2166,2095,2169,2169,2041,1890,1850,1728,1685,1631,1611,1554
2678,2555,2419,2462,2232,2193,1990,1663,1490,1345,1278,1268,1343,1156,1108,1117,1083,1218,1245,1373,1390,1488,1405,1276,1405,1311,1584,1629,1582,1548,1624,1821,1889,1860,1699,1587,1506,1292,1122,1046,1078,1193,1289,1381,1702,1820,2077,2161,2367,2057,2095,1958,1674,1770,1523,1445,1368,1303,1219,1147,1086,1023,1104,1166,1360,1288,1325,1217,1276,1191,1092,992,884,779,716,609,508,474,499,518,524,535,560,574,645,773,797,864,959,1054,974,1109,1363,1643,1844,1539,1383,1345,1597,1771,1828,1965,1951,2206,2276,2265,2277,2388,2500,2156,1986,1854,1906,1905,1995,1845,1724,1701,1643,1604,1564
2819,2728,2581,2585,2453,2237,2099,1792,1527,1439,1430,1320,1409,1280,1171,1147,1163,1209,1389,1377,1402,1542,1481,1384,1458,1440,1541,1638,1601,1556,1577,1704,1966,2090,1929,1719,1594,1422,1202,1149,1134,1193,1279,1393,1631,1963,2162,2127,2277,2007,1925,1841,1698,1613,1509,1477,1398,1210,1185,1116,1066,995,997,1038,1239,1076,1185,1062,974,922,975,920,830,713,650,609,508,527,551,569,583,579,650,664,723,773,873,987,1108,1239,1129,1197,1540,1653,1867,2185,1956,2120,1938,2000,2114,2049,2014,2192,2076,2376,2179,2115,2250,2322,2029,1889,1776,1803,1838,1895,1775,1677,1630,1603,1587
2844,2679,2602,2540,2355,2153,1949,1696,1574,1478,1403,1367,1394,1333,1235,1214,1268,1238,1371,1422,1523,1574,1448,1508,1485,1503,1524,1637,1639,1615,1566,1718,1799,1970,1864,1728,1480,1405,1347,1224,1186,1242,1309,1393,1546,1812,2251,2283,2186,2190,1995,1893,1780,1674,1607,1556,1482,1293,1085,1052,1004,947,930,908,1112,983,1124,1221,1051,912,822,775,727,665,606,571,502,540,568,598,618,656,708,689,805,877,983,1055,1112,1224,1324,1464,1251,1472,1707,1723,1825,1979,2081,2429,2183,2066,2368,2333,2253,2396,2236,2053,1932,2159,2113,1851,1789,1746,1691,1736,1695,1636,1605,1541,1602
2790,2623,2325,2394,2292,2155,1978,1795,1661,1528,1444,1404,1357,1306,1327,1293,1350,1357,1338,1540,1575,1566,1564,1550,1489,1533,1590,1623,1653,1675,1592,1748,1713,1779,1715,1617,1547,1479,1377,1255,1397,1379,1519,1554,1578,1728,2029,2231,2196,2254,2202,2155,1996,1832,1795,1562,1455,1293,1083,1002,940,913,883,867,896,941,1011,1114,1123,984,863,754,620,651,580,530,542,578,623,652,680,669,750,758,876,907,1029,1158,1243,1286,1417,1692,1531,1517,1678,1644,1587,1682,1904,2124,2130,2252,2577,2481,2279,2157,2030,2166,1949,1900,2055,1835,1739,1713,1658,1636,1606,1574,1556,1533,1497
2674,2565,2461,2254,2078,1965,1812,1682,1622,1544,1476,1421,1513,1349,1374,1360,1439,1495,1420,1534,1588,1556,1585,1582,1575,1513,1572,1703,1635,1788,1703,1721,1699,1722,1683,1641,1581,1461,1559,1434,1401,1686,1633,1519,1609,1684,1849,1968,2028,2147,2325,2304,2203,2077,1821,1638,1398,1238,1102,975,904,866,843,837,831,898,998,1116,1050,925,815,713,650,574,557,577,571,601,652,724,735,787,768,866,911,1003,1051,1166,1272,1302,1478,1559,1732,1791,2158,2041,2036,1938,1848,1835,1949,2078,2184,2278,2232,2138,2016,1913,1911,1799,1769,1801,1700,1659,1633,1622,1564,1550,1503,1505,1466
2323,2447,2433,2267,2163,2071,1934,1742,1583,1564,1508,1543,1589,1569,1522,1439,1539,1581,1555,1576,1581,1598,1622,1650,1620,1591,1600,1568,1706,1698,1768,1797,1744,1689,1637,1612,1594,1538,1530,1691,1618,1658,1507,1542,1593,1654,1732,1950,1973,2114,2360,2226,2026,1905,1640,1518,1349,1291,1000,939,873,825,803,798,801,950,971,1106,990,906,795,697,625,555,609,605,607,627,751,765,842,860,841,895,953,1012,1059,1110,1283,1490,1593,1670,1662,1880,2114,2417,2459,2052,1980,2050,1902,2161,2293,2339,2378,2216,2025,1954,1854,1800,1758,1704,1668,1628,1598,1662,1568,1526,1506,1472,1455
2279,2279,2253,2343,2091,1880,1844,1681,1647,1600,1578,1613,1681,1685,1524,1503,1627,1608,1565,1594,1537,1618,1597,1640,1669,1692,1674,1634,1584,1812,1894,1720,1723,1655,1638,1593,1544,1563,1475,1477,1655,1556,1493,1524,1584,1646,1692,1779,2034,2045,2286,2068,2026,1692,1502,1414,1328,1270,1072,998,922,840,769,766,759,902,910,1045,903,786,722,655,597,610,620,646,656,726,747,817,852,963,851,989,1076,1206,1213,1228,1296,1520,1453,1603,1751,1845,2117,2281,2413,2155,2160,2246,2055,2113,2208,2383,2321,2126,2065,1945,1851,1923,1889,1756,1790,1740,1590,1535,1571,1531,1472,1468,1441
2370,2272,2202,1983,1910,1852,1777,1726,1700,1722,1706,1798,1690,1658,1565,1590,1710,1656,1733,1595,1570,1558,1746,1658,1672,1719,1792,1777,1738,1598,1652,1827,1672,1554,1594,1506,1529,1388,1294,1493,1446,1437,1484,1516,1559,1607,1685,1778,1903,2019,2201,2114,1947,1623,1521,1441,1278,1186,1093,1001,909,839,773,743,749,773,877,921,832,717,660,605,591,602,621,653,699,740,843,846,959,993,1110,1111,961,1090,1177,1213,1296,1382,1449,1536,1736,1694,1959,2231,2085,2401,2264,2248,2304,2289,2442,2362,2549,2325,2074,1960,1899,2023,1911,1793,1742,1771,1643,1560,1534,1496,1490,1454,1429